Workbook

Sheet Remake
A1: Material | B1: Material description | C1: บรรจุ | D1: บรรจุ | E1: ราคา | F1: Remake
A2: 58000010 | B2: (4seal) กล่องกระดาษ5ชั้น 450*330*300 mm | C2: 20 ถุง 500G./ ลัง 10 Kg | D2: 40 ถุง 250G./ ลัง 10 Kg | E2: =22/10 -> 2.2 | F2: จะใส่แค่ 10 kg ทั้ง2 ขนาด
A3: 58000006 | B3: All Cafe ลังกระดาษ (287*240*177 mm.) | C3: 6 ถุง 500G./ ลัง 3 kg | E3: =5/3 -> 1.6666667
A4: 58000005 | B4: ลังกระดาษ 3กก. 287*240*177 mm. (No Logo) | C4: 6 ถุง 500G./ ลัง 3 kg | E4: =5/3 -> 1.6666667

Sheet สรุป
A2: Code | B2: Code Name | C2: ยกยอดมา | D2: Preclean | E2: Roast | F2: Pack | G2: คงเหลือ | I2: J3 : G | J2: J3 : KG
A3: 54002340 | B3: สารกาแฟอาราบิก้า | D3: =#REF! -> #REF! | G3: =C3+D3+E3+F3 -> #REF!
A4: 57000000 | B4: เมล็ดกาแฟ Clean Arabica Size S&M | C4: =2001750/1000 -> 2001.75 | D4: =#REF! -> #REF! | E4: =VLOOKUP(A4,#REF!,3,0) -> #REF! | G4: =C4+D4+E4+F4 -> #REF! | I4: 4615220 | J4: =I4/1000 -> 4615.22 | K4: =J4-G4 -> #REF!
A5: 57000001 | B5: เมล็ดกาแฟ Clean Arabica Size L | C5: =8854116/1000 -> 8854.116 | D5: =#REF! -> #REF! | E5: =VLOOKUP(A5,#REF!,3,0) -> #REF! | G5: =C5+D5+E5+F5 -> #REF! | I5: 2119076 | J5: =I5/1000 -> 2119.076 | K5: =J5-G5 -> #REF!
A6: 57000002 | B6: เมล็ดกาแฟ Clean Arabica Size ต่ำกว่า S&M | C6: =163520/1000 -> 163.52 | D6: =#REF! -> #REF! | E6: 0 | G6: =C6+D6+E6+F6 -> #REF! | I6: 6254120 | J6: =I6/1000 -> 6254.12 | K6: =J6-G6 -> #REF!
G7: =C7+D7+E7+F7 -> 0
A8: 54002341 | B8: สารกาแฟโรบัสต้า | D8: =#REF! -> #REF! | E8: 0 | G8: =C8+D8+E8+F8 -> #REF!
A9: 57000003 | B9: เมล็ดกาแฟ Clean Robusta Size mix | C9: =5283220/1000 -> 5283.22 | D9: =#REF! -> #REF! | E9: =VLOOKUP(A9,#REF!,3,0) -> #REF! | G9: =C9+D9+E9+F9 -> #REF! | I9: 8713060 | J9: =I9/1000 -> 8713.06 | K9: =J9-G9 -> #REF!
A10: 57000004 | B10: เมล็ดกาแฟ Clean Robusta Size ต่ำกว่า S&M | C10: =57530/1000 -> 57.53 | D10: =#REF! -> #REF! | E10: 0 | G10: =C10+D10+E10+F10 -> #REF! | I10: 294630 | J10: =I10/1000 -> 294.63 | K10: =J10-G10 -> #REF!
G11: =C11+D11+E11+F11 -> 0
A12: 57000100 | B12: เมล็ดกาแฟคั่ว A80 + R20 | E12: =VLOOKUP(A12,#REF!,3,0) -> #REF! | F12: =#REF! -> #REF! | G12: =C12+D12+E12+F12 -> #REF! | I12: =SUM(I4:I11) -> 21996106 | J12: =I12/1000 -> 21996.106

Sheet PVcode54#301
A1: MvT | B1: (Multiple Items)
A2: Code | B2: 54
A4: Row Labels | B4: Material description | C4: Sum of Quantity in UnE | D4: Sum of Amt.in Loc.Cur. | F4: ราคา
A5: 54002340 | B5: สารกาแฟอาราบิก้า | C5: -137290.81 | D5: -35039995 | E5: =D5 -> -35039995 | F5: =D5/C5 -> 255.22462
A6: 54002341 | B6: สารกาแฟโรบัสต้า | C6: -38128.16 | D6: -7454234.2 | E6: =D6 -> -7454234.2 | F6: =D6/C6 -> 195.50469
A7: Grand Total | C7: -175418.97 | D7: -42494229
A9: MvT | B9: (Multiple Items)
A10: Code | B10: 57
A12: Row Labels | B12: Material description | C12: Sum of Quantity in UnE | D12: Sum of Amt.in Loc.Cur.
A13: 57000000 | B13: เมล็ดกาแฟ Clean Arabica Size S&M | C13: -10300.78 | D13: -2748454.1 | F13: =D13/C13 -> 266.82
A14: 57000001 | B14: เมล็ดกาแฟ Clean Arabica Size L | C14: -117559.88 | D14: -31367327 | F14: =D14/C14 -> 266.82
A15: 57000002 | B15: เมล็ดกาแฟ Clean Arabica Size ต่ำกว่า S&M | C15: -5283.6 | D15: -1409770.1 | E15: =D13+D14+D15 -> -35525551 | F15: =D15/C15 -> 266.82
A16: 57000003 | B16: เมล็ดกาแฟ Clean Robusta Size mix | C16: -33550.24 | D16: -6872095.7 | E16: =D16 -> -6872095.7 | F16: =D16/C16 -> 204.83
A17: Grand Total | C17: -166694.5 | D17: -42397647
A19: Diff | B19: Arabica | C19: =C5-C13-C14-C15 -> -4146.55 | D19: =D5-D13-D14-D15 -> 485556.57 | E19: =E5-E15 -> 485556.57
B20: Robusta | C20: =C6-C16 -> -4577.92 | D20: =D6-D16 -> -582138.56 | E20: =E6-E16 -> -582138.56
C22: =SUM(C19:C21) -> -8724.47 | D22: =SUM(D19:D21) -> -96581.99

Sheet Order 301-305 (เรียง)
A1: Order | B1: Material | C1: Material description | D1: ห้อง
A2: 301000000204 | B2: Semi | C2: Semi เมล็ดกาแฟ | D2: Preclean
A3: 301000000205 | B3: Semi | C3: Semi เมล็ดกาแฟ | D3: Preclean
A4: 301000000206 | B4: Semi | C4: Semi เมล็ดกาแฟ | D4: Preclean
A5: 301000000207 | B5: Semi | C5: Semi เมล็ดกาแฟ | D5: Preclean
A6: 301000000208 | B6: Semi | C6: Semi เมล็ดกาแฟ | D6: Preclean
A7: 301000000212 | B7: Semi | C7: Semi เมล็ดกาแฟ | D7: Preclean
A8: 301000000213 | B8: Semi | C8: Semi เมล็ดกาแฟ | D8: Preclean
A9: 301000000214 | B9: Semi | C9: Semi เมล็ดกาแฟ | D9: Preclean
A10: 301000000215 | B10: Semi | C10: Semi เมล็ดกาแฟ | D10: Preclean
A11: 301000000216 | B11: Semi | C11: Semi เมล็ดกาแฟ | D11: Preclean
A12: 301000000217 | B12: Semi | C12: Semi เมล็ดกาแฟ | D12: Preclean
... A86: 305000000048 | B86: 59100000 | C86: เมล็ดกาแฟ CPR Calibrate MF. 500 G. | D86: Repack

Sheet Order 301-305
A1: Order Preclance | B1: Material | C1: Material description | E1: Material | F1: Material description | G1: Order Packing | H1: Material | I1: Material description | J1: Order repack | K1: Material | L1: Material description
A2: ='301'!A4 -> 301000000204 | B2: Semi | C2: Semi เมล็ดกาแฟ | D2: ='302'!A49 -> 302000000309 | E2: =H2 -> 59000004 | F2: =I2 -> Super Blend 500 G. | G2: ='303 '!A4 -> 303000000309 | H2: ='303 '!B7 -> 59000004 | I2: ='303 '!C7 -> Super Blend 500 G. | J2: ='305'!A4 -> 305000000043 | K2: ='305'!B5 -> 59100000 | L2: ='305'!C5 -> เมล็ดกาแฟ CPR Calibrate MF. 500 G.
A3: ='301'!A8 -> 301000000205 | B3: Semi | C3: Semi เมล็ดกาแฟ | D3: ='302'!A4 -> 302000000311 | E3: =H3 -> 59000001 | F3: =I3 -> เมล็ดกาแฟ CPR Coffee Bean MF. 500 G. | G3: ='303 '!A10 -> 303000000310 | H3: ='303 '!B14 -> 59000001 | I3: ='303 '!C14 -> เมล็ดกาแฟ CPR Coffee Bean MF. 500 G. | J3: ='305'!A7 -> 305000000044 | K3: ='305'!B8 -> 59100000 | L3: ='305'!C8 -> เมล็ดกาแฟ CPR Calibrate MF. 500 G.
A4: ='301'!A12 -> 301000000206 | B4: Semi | C4: Semi เมล็ดกาแฟ | D4: ='302'!A9 -> 302000000310 | E4: =H4 -> 59000002 | F4: =I4 -> GOLD BLEND ALL CAFE' ขนาด 500 G. | G4: ='303 '!A16 -> 303000000311 | H4: ='303 '!B20 -> 59000002 | I4: ='303 '!C20 -> GOLD BLEND ALL CAFE' ขนาด 500 G. | J4: ='305'!A10 -> 305000000045 | K4: ='305'!B11 -> 59100000 | L4: ='305'!C11 -> เมล็ดกาแฟ CPR Calibrate MF. 500 G.
A5: ='301'!A16 -> 301000000207 | B5: Semi | C5: Semi เมล็ดกาแฟ | D5: ='302'!A13 -> 302000000312 | E5: =H5 -> 59000003 | F5: =I5 -> เมล็ดกาแฟคั่ว Classic 1 bag ขนาด 500 G. | G5: ='303 '!A22 -> 303000000312 | H5: ='303 '!B25 -> 59000003 | I5: ='303 '!C25 -> เมล็ดกาแฟคั่ว Classic 1 bag ขนาด 500 G. | J5: ='305'!A13 -> 305000000046 | K5: ='305'!B14 -> 59100000 | L5: ='305'!C14 -> เมล็ดกาแฟ CPR Calibrate MF. 500 G.
A6: ='301'!A19 -> 301000000208 | B6: Semi | C6: Semi เมล็ดกาแฟ | D6: ='302'!A17 -> 302000000313 | E6: =H6 -> 59000002 | F6: =I6 -> GOLD BLEND ALL CAFE' ขนาด 500 G. | G6: ='303 '!A29 -> 303000000313 | H6: ='303 '!B33 -> 59000002 | I6: ='303 '!C33 -> GOLD BLEND ALL CAFE' ขนาด 500 G. | J6: ='305'!A16 -> 305000000047 | K6: ='305'!B17 -> 59100000 | L6: ='305'!C17 -> เมล็ดกาแฟ CPR Calibrate MF. 500 G.
A7: ='301'!A23 -> 301000000212 | B7: Semi | C7: Semi เมล็ดกาแฟ | D7: ='302'!A21 -> 302000000314 | E7: =H7 -> 59000002 | F7: =I7 -> GOLD BLEND ALL CAFE' ขนาด 500 G. | G7: ='303 '!A35 -> 303000000314 | H7: ='303 '!B39 -> 59000002 | I7: ='303 '!C39 -> GOLD BLEND ALL CAFE' ขนาด 500 G. | J7: ='305'!A19 -> 305000000048 | K7: ='305'!B20 -> 59100000 | L7: ='305'!C20 -> เมล็ดกาแฟ CPR Calibrate MF. 500 G.
A8: ='301'!A27 -> 301000000213 | B8: Semi | C8: Semi เมล็ดกาแฟ | D8: ='302'!A26 -> 302000000315 | E8: =H8 -> 59000002 | F8: =I8 -> GOLD BLEND ALL CAFE' ขนาด 500 G. | G8: ='303 '!A41 -> 303000000315 | H8: ='303 '!B45 -> 59000002 | I8: ='303 '!C45 -> GOLD BLEND ALL CAFE' ขนาด 500 G.
A9: ='301'!A31 -> 301000000214 | B9: Semi | C9: Semi เมล็ดกาแฟ | D9: ='302'!A30 -> 302000000316 | E9: =H9 -> 59000002 | F9: =I9 -> GOLD BLEND ALL CAFE' ขนาด 500 G. | G9: ='303 '!A47 -> 303000000316 | H9: ='303 '!B51 -> 59000002 | I9: ='303 '!C51 -> GOLD BLEND ALL CAFE' ขนาด 500 G.
A10: ='301'!A34 -> 301000000215 | B10: Semi | C10: Semi เมล็ดกาแฟ | D10: ='302'!A35 -> 302000000317 | E10: =H10 -> 59000002 | F10: =I10 -> GOLD BLEND ALL CAFE' ขนาด 500 G. | G10: ='303 '!A53 -> 303000000317 | H10: ='303 '!B57 -> 59000002 | I10: ='303 '!C57 -> GOLD BLEND ALL CAFE' ขนาด 500 G.
A11: ='301'!A38 -> 301000000216 | B11: Semi | C11: Semi เมล็ดกาแฟ | D11: ='302'!A40 -> 302000000318 | E11: =H11 -> 59000002 | F11: =I11 -> GOLD BLEND ALL CAFE' ขนาด 500 G. | G11: ='303 '!A59 -> 303000000318 | H11: ='303 '!B63 -> 59000002 | I11: ='303 '!C63 -> GOLD BLEND ALL CAFE' ขนาด 500 G.
A12: ='301'!A42 -> 301000000217 | B12: Semi | C12: Semi เมล็ดกาแฟ | D12: ='302'!A45 -> 302000000319 | E12: =H12 -> 59000002 | F12: =I12 -> GOLD BLEND ALL CAFE' ขนาด 500 G. | G12: ='303 '!A65 -> 303000000319 | H12: ='303 '!B69 -> 59000002 | I12: ='303 '!C69 -> GOLD BLEND ALL CAFE' ขนาด 500 G.
A13: ='301'!A46 -> 301000000218 | B13: Semi | C13: Semi เมล็ดกาแฟ | D13: ='302'!A55 -> 302000000320 | E13: =H13 -> 59000002 | F13: =I13 -> GOLD BLEND ALL CAFE' ขนาด 500 G. | G13: ='303 '!A71 -> 303000000320 | H13: ='303 '!B75 -> 59000002 | I13: ='303 '!C75 -> GOLD BLEND ALL CAFE' ขนาด 500 G.
A14: ='301'!A50 -> 301000000219 | B14: Semi | C14: Semi เมล็ดกาแฟ | D14: ='302'!A60 -> 302000000321 | E14: =H14 -> 59000002 | F14: =I14 -> GOLD BLEND ALL CAFE' ขนาด 500 G. | G14: ='303 '!A77 -> 303000000321 | H14: ='303 '!B81 -> 59000002 | I14: ='303 '!C81 -> GOLD BLEND ALL CAFE' ขนาด 500 G.
A15: ='301'!A53 -> 301000000220 | B15: Semi | C15: Semi เมล็ดกาแฟ | D15: ='302'!A65 -> 302000000322 | E15: =H15 -> 59000002 | F15: =I15 -> GOLD BLEND ALL CAFE' ขนาด 500 G. | G15: ='303 '!A83 -> 303000000322 | H15: ='303 '!B87 -> 59000002 | I15: ='303 '!C87 -> GOLD BLEND ALL CAFE' ขนาด 500 G.
A16: ='301'!A56 -> 301000000221 | B16: Semi | C16: Semi เมล็ดกาแฟ | D16: ='302'!A70 -> 302000000323 | E16: =H16 -> 59000002 | F16: =I16 -> GOLD BLEND ALL CAFE' ขนาด 500 G. | G16: ='303 '!A89 -> 303000000323 | H16: ='303 '!B93 -> 59000002 | I16: ='303 '!C93 -> GOLD BLEND ALL CAFE' ขนาด 500 G.
A17: ='301'!A59 -> 301000000222 | B17: Semi | C17: Semi เมล็ดกาแฟ | D17: ='302'!A74 -> 302000000324 | E17: =H17 -> 59000002 | F17: =I17 -> GOLD BLEND ALL CAFE' ขนาด 500 G. | G17: ='303 '!A95 -> 303000000324 | H17: ='303 '!B99 -> 59000002 | I17: ='303 '!C99 -> GOLD BLEND ALL CAFE' ขนาด 500 G.
A18: ='301'!A62 -> 301000000223 | B18: Semi | C18: Semi เมล็ดกาแฟ | D18: ='302'!A79 -> 302000000325 | E18: =H18 -> 59000002 | F18: =I18 -> GOLD BLEND ALL CAFE' ขนาด 500 G. | G18: ='303 '!A101 -> 303000000325 | H18: ='303 '!B105 -> 59000002 | I18: ='303 '!C105 -> GOLD BLEND ALL CAFE' ขนาด 500 G.
A19: ='301'!A65 -> 301000000224 | B19: Semi | C19: Semi เมล็ดกาแฟ | D19: ='302'!A84 -> 302000000326 | E19: =H19 -> 59000002 | F19: =I19 -> GOLD BLEND ALL CAFE' ขนาด 500 G. | G19: ='303 '!A107 -> 303000000326 | H19: ='303 '!B111 -> 59000002 | I19: ='303 '!C111 -> GOLD BLEND ALL CAFE' ขนาด 500 G.
A20: ='301'!A68 -> 301000000225 | B20: Semi | C20: Semi เมล็ดกาแฟ | D20: ='302'!A88 -> 302000000327 | E20: =H20 -> 59000014 | F20: =I20 -> เมล็ดกาแฟ True Tower ขนาด 500 G. | G20: ='303 '!A113 -> 303000000327 | H20: ='303 '!B117 -> 59000014 | I20: ='303 '!C117 -> เมล็ดกาแฟ True Tower ขนาด 500 G.
A21: ='301'!A72 -> 301000000226 | B21: Semi | C21: Semi เมล็ดกาแฟ | D21: ='302'!A92 -> 302000000328 | E21: =H21 -> 59000002 | F21: =I21 -> GOLD BLEND ALL CAFE' ขนาด 500 G. | G21: ='303 '!A119 -> 303000000328 | H21: ='303 '!B123 -> 59000002 | I21: ='303 '!C123 -> GOLD BLEND ALL CAFE' ขนาด 500 G.
A22: ='301'!A75 -> 301000000227 | B22: Semi | C22: Semi เมล็ดกาแฟ | D22: ='302'!A96 -> 302000000329 | E22: =H22 -> 59000002 | F22: =I22 -> GOLD BLEND ALL CAFE' ขนาด 500 G. | G22: ='303 '!A125 -> 303000000329 | H22: ='303 '!B135 -> 59000002 | I22: ='303 '!C129 -> GOLD BLEND ALL CAFE' ขนาด 500 G.
A23: ='301'!A79 -> 301000000228 | B23: Semi | C23: Semi เมล็ดกาแฟ | D23: ='302'!A100 -> 302000000330 | E23: =H23 -> 59000002 | F23: =I23 -> GOLD BLEND ALL CAFE' ขนาด 500 G. | G23: ='303 '!A131 -> 303000000330 | H23: ='303 '!B135 -> 59000002 | I23: ='303 '!C135 -> GOLD BLEND ALL CAFE' ขนาด 500 G.
D24: ='302'!A104 -> 302000000331 | E24: =H24 -> 59000002 | F24: =I24 -> GOLD BLEND ALL CAFE' ขนาด 500 G. | G24: ='303 '!A137 -> 303000000331 | H24: ='303 '!B141 -> 59000002 | I24: ='303 '!C141 -> GOLD BLEND ALL CAFE' ขนาด 500 G.
D25: ='302'!A108 -> 302000000332 | E25: =H25 -> 59000002 | F25: =I25 -> GOLD BLEND ALL CAFE' ขนาด 500 G. | G25: ='303 '!A143 -> 303000000332 | H25: ='303 '!B147 -> 59000002 | I25: ='303 '!C147 -> GOLD BLEND ALL CAFE' ขนาด 500 G.
D26: ='302'!A112 -> 302000000333 | E26: =H26 -> 59000002 | F26: =I26 -> GOLD BLEND ALL CAFE' ขนาด 500 G. | G26: ='303 '!A149 -> 303000000333 | H26: ='303 '!B153 -> 59000002 | I26: ='303 '!C153 -> GOLD BLEND ALL CAFE' ขนาด 500 G.
D27: ='302'!A116 -> 302000000334 | E27: =H27 -> 59000002 | F27: =I27 -> GOLD BLEND ALL CAFE' ขนาด 500 G. | G27: ='303 '!A155 -> 303000000334 | H27: ='303 '!B159 -> 59000002 | I27: ='303 '!C159 -> GOLD BLEND ALL CAFE' ขนาด 500 G.
D28: ='302'!A120 -> 302000000335 | E28: =H28 -> 59000002 | F28: =I28 -> GOLD BLEND ALL CAFE' ขนาด 500 G. | G28: ='303 '!A161 -> 303000000335 | H28: ='303 '!B165 -> 59000002 | I28: ='303 '!C165 -> GOLD BLEND ALL CAFE' ขนาด 500 G.

Sheet MB51 328
A1: Material | B1: Material description | C1: Plnt | D1: MvT | E1: Movement Type Text | F1: Mat. Doc. | G1: SLoc | H1: Batch | I1: Order | J1: Time | K1: User Name | L1: Item | M1: Suppl.Inv | N1: Reas. | O1: S | P1: Reserv.no. | Q1: Document Header Text | R1: Text | S1: Cost Ctr | T1: G/L acct | U1: PO | V1: Vendor | W1: Asset | X1: Reference | Y1: Manuf. Dte | Z1: EUn | AA1: Quantity in UnE | AB1: Amt.in Loc.Cur. | AC1: Doc. Date | AD1: Pstng Date | AE1: SLED/BBD | AF1: Entry Date | AG1: Quantity | AH1: Group order | AI1: Code | AJ1: GL Name | AK1: หมายเหตุ | AL1: ราคา | AM1: Code สูตรผลิต | AN1: สูตรผลิต
A2: 58000010 | B2: (4seal) กล่องกระดาษ5ชั้น 450*330*300 mm | C2: 0328 | D2: 301 | E2: TF trfr plnt to plnt | F2: 4915104153 | G2: M003 | H2: 20251225 | J2: 09:08:37 | K2: SUTTISIT02 | L2: 0001 | N2: 0000 | P2: 0000000000 | Z2: PC | AA2: -94 | AB2: 0 | AC2: 46204 | AD2: 46204 | AF2: 46204 | AG2: -94 | AH2: =LEFT(I2,3) | AI2: =LEFT(A2,2) -> 58 | AJ2: =VLOOKUP(T2,'GL Name'!A:B,2,0) -> #N/A | AL2: =AB2/AA2 -> 0 | AM2: =VLOOKUP(I2,'Order 301-305 (เรียง)'!A:B,2,0) -> #N/A | AN2: =VLOOKUP(I2,'Order 301-305 (เรียง)'!A:C,3,0) -> #N/A
A3: 58000010 | B3: (4seal) กล่องกระดาษ5ชั้น 450*330*300 mm | C3: 0328 | D3: 301 | E3: TF trfr plnt to plnt | F3: 4915104153 | G3: P003 | H3: 20251225 | J3: 09:08:37 | K3: SUTTISIT02 | L3: 0002 | N3: 0000 | P3: 0000000000 | Z3: PC | AA3: 94 | AB3: 0 | AC3: 46204 | AD3: 46204 | AF3: 46204 | AG3: 94 | AH3: =LEFT(I3,3) | AI3: =LEFT(A3,2) -> 58 | AJ3: =VLOOKUP(T3,'GL Name'!A:B,2,0) -> #N/A | AL3: =AB3/AA3 -> 0 | AM3: =VLOOKUP(I3,'Order 301-305 (เรียง)'!A:B,2,0) -> #N/A | AN3: =VLOOKUP(I3,'Order 301-305 (เรียง)'!A:C,3,0) -> #N/A
A4: 58000003 | B4: Film roll Gold blend 420mm*900m | C4: 0328 | D4: 301 | E4: TF trfr plnt to plnt | F4: 4915104685 | G4: M003 | H4: 20260622 | J4: 09:20:23 | K4: SUTTISIT02 | L4: 0001 | N4: 0000 | P4: 0000000000 | Z4: PC | AA4: -6000 | AB4: 0 | AC4: 46204 | AD4: 46204 | AF4: 46204 | AG4: -6000 | AH4: =LEFT(I4,3) | AI4: =LEFT(A4,2) -> 58 | AJ4: =VLOOKUP(T4,'GL Name'!A:B,2,0) -> #N/A | AL4: =AB4/AA4 -> 0 | AM4: =VLOOKUP(I4,'Order 301-305 (เรียง)'!A:B,2,0) -> #N/A | AN4: =VLOOKUP(I4,'Order 301-305 (เรียง)'!A:C,3,0) -> #N/A
A5: 58000003 | B5: Film roll Gold blend 420mm*900m | C5: 0328 | D5: 301 | E5: TF trfr plnt to plnt | F5: 4915104685 | G5: P003 | H5: 20260622 | J5: 09:20:23 | K5: SUTTISIT02 | L5: 0002 | N5: 0000 | P5: 0000000000 | Z5: PC | AA5: 6000 | AB5: 0 | AC5: 46204 | AD5: 46204 | AF5: 46204 | AG5: 6000 | AH5: =LEFT(I5,3) | AI5: =LEFT(A5,2) -> 58 | AJ5: =VLOOKUP(T5,'GL Name'!A:B,2,0) -> #N/A | AL5: =AB5/AA5 -> 0 | AM5: =VLOOKUP(I5,'Order 301-305 (เรียง)'!A:B,2,0) -> #N/A | AN5: =VLOOKUP(I5,'Order 301-305 (เรียง)'!A:C,3,0) -> #N/A
A6: 58000005 | B6: ลังกระดาษ 3กก. 287*240*177 mm. (No Logo) | C6: 0328 | D6: 301 | E6: TF trfr plnt to plnt | F6: 4915104685 | G6: M003 | H6: 20260124 | J6: 09:20:23 | K6: SUTTISIT02 | L6: 0005 | N6: 0000 | P6: 0000000000 | Z6: PC | AA6: -75 | AB6: 0 | AC6: 46204 | AD6: 46204 | AF6: 46204 | AG6: -75 | AH6: =LEFT(I6,3) | AI6: =LEFT(A6,2) -> 58 | AJ6: =VLOOKUP(T6,'GL Name'!A:B,2,0) -> #N/A | AL6: =AB6/AA6 -> 0 | AM6: =VLOOKUP(I6,'Order 301-305 (เรียง)'!A:B,2,0) -> #N/A | AN6: =VLOOKUP(I6,'Order 301-305 (เรียง)'!A:C,3,0) -> #N/A
A7: 58000005 | B7: ลังกระดาษ 3กก. 287*240*177 mm. (No Logo) | C7: 0328 | D7: 301 | E7: TF trfr plnt to plnt | F7: 4915104685 | G7: P003 | H7: 20260124 | J7: 09:20:23 | K7: SUTTISIT02 | L7: 0006 | N7: 0000 | P7: 0000000000 | Z7: PC | AA7: 75 | AB7: 0 | AC7: 46204 | AD7: 46204 | AF7: 46204 | AG7: 75 | AH7: =LEFT(I7,3) | AI7: =LEFT(A7,2) -> 58 | AJ7: =VLOOKUP(T7,'GL Name'!A:B,2,0) -> #N/A | AL7: =AB7/AA7 -> 0 | AM7: =VLOOKUP(I7,'Order 301-305 (เรียง)'!A:B,2,0) -> #N/A | AN7: =VLOOKUP(I7,'Order 301-305 (เรียง)'!A:C,3,0) -> #N/A
A8: 58000005 | B8: ลังกระดาษ 3กก. 287*240*177 mm. (No Logo) | C8: 0328 | D8: 301 | E8: TF trfr plnt to plnt | F8: 4915104685 | G8: M003 | H8: 20260611 | J8: 09:20:23 | K8: SUTTISIT02 | L8: 0007 | N8: 0000 | P8: 0000000000 | Z8: PC | AA8: -531 | AB8: 0 | AC8: 46204 | AD8: 46204 | AF8: 46204 | AG8: -531 | AH8: =LEFT(I8,3) | AI8: =LEFT(A8,2) -> 58 | AJ8: =VLOOKUP(T8,'GL Name'!A:B,2,0) -> #N/A | AL8: =AB8/AA8 -> 0 | AM8: =VLOOKUP(I8,'Order 301-305 (เรียง)'!A:B,2,0) -> #N/A | AN8: =VLOOKUP(I8,'Order 301-305 (เรียง)'!A:C,3,0) -> #N/A
A9: 58000005 | B9: ลังกระดาษ 3กก. 287*240*177 mm. (No Logo) | C9: 0328 | D9: 301 | E9: TF trfr plnt to plnt | F9: 4915104685 | G9: P003 | H9: 20260611 | J9: 09:20:23 | K9: SUTTISIT02 | L9: 0008 | N9: 0000 | P9: 0000000000 | Z9: PC | AA9: 531 | AB9: 0 | AC9: 46204 | AD9: 46204 | AF9: 46204 | AG9: 531 | AH9: =LEFT(I9,3) | AI9: =LEFT(A9,2) -> 58 | AJ9: =VLOOKUP(T9,'GL Name'!A:B,2,0) -> #N/A | AL9: =AB9/AA9 -> 0 | AM9: =VLOOKUP(I9,'Order 301-305 (เรียง)'!A:B,2,0) -> #N/A | AN9: =VLOOKUP(I9,'Order 301-305 (เรียง)'!A:C,3,0) -> #N/A
A10: 58000009 | B10: สติ๊กเกอร์ Classic Beans (หน้า) | C10: 0328 | D10: 301 | E10: TF trfr plnt to plnt | F10: 4915104685 | G10: P003 | H10: 250607 | J10: 09:20:23 | K10: SUTTISIT02 | L10: 0010 | N10: 0000 | P10: 0000000000 | Z10: EA | AA10: 99 | AB10: 0 | AC10: 46204 | AD10: 46204 | AF10: 46204 | AG10: 99 | AH10: =LEFT(I10,3) | AI10: =LEFT(A10,2) -> 58 | AJ10: =VLOOKUP(T10,'GL Name'!A:B,2,0) -> #N/A | AL10: =AB10/AA10 -> 0 | AM10: =VLOOKUP(I10,'Order 301-305 (เรียง)'!A:B,2,0) -> #N/A | AN10: =VLOOKUP(I10,'Order 301-305 (เรียง)'!A:C,3,0) -> #N/A
A11: 58000009 | B11: สติ๊กเกอร์ Classic Beans (หน้า) | C11: 0328 | D11: 301 | E11: TF trfr plnt to plnt | F11: 4915104685 | G11: M003 | H11: 250607 | J11: 09:20:23 | K11: SUTTISIT02 | L11: 0009 | N11: 0000 | P11: 0000000000 | Z11: EA | AA11: -99 | AB11: 0 | AC11: 46204 | AD11: 46204 | AF11: 46204 | AG11: -99 | AH11: =LEFT(I11,3) | AI11: =LEFT(A11,2) -> 58 | AJ11: =VLOOKUP(T11,'GL Name'!A:B,2,0) -> #N/A | AL11: =AB11/AA11 -> 0 | AM11: =VLOOKUP(I11,'Order 301-305 (เรียง)'!A:B,2,0) -> #N/A | AN11: =VLOOKUP(I11,'Order 301-305 (เรียง)'!A:C,3,0) -> #N/A
A12: 58000025 | B12: Film roll Nologo 500g.420mm*900m | C12: 0328 | D12: 301 | E12: TF trfr plnt to plnt | F12: 4915104685 | G12: P003 | H12: 20250915 | J12: 09:20:23 | K12: SUTTISIT02 | L12: 0004 | N12: 0000 | P12: 0000000000 | Z12: PC | AA12: 3000 | AB12: 0 | AC12: 46204 | AD12: 46204 | AF12: 46204 | AG12: 3000 | AH12: =LEFT(I12,3) | AI12: =LEFT(A12,2) -> 58 | AJ12: =VLOOKUP(T12,'GL Name'!A:B,2,0) -> #N/A | AL12: =AB12/AA12 -> 0 | AM12: =VLOOKUP(I12,'Order 301-305 (เรียง)'!A:B,2,0) -> #N/A | AN12: =VLOOKUP(I12,'Order 301-305 (เรียง)'!A:C,3,0) -> #N/A
A13: 58000025 | B13: Film roll Nologo 500g.420mm*900m | C13: 0328 | D13: 301 | E13: TF trfr plnt to plnt | F13: 4915104685 | G13: M003 | H13: 20250915 | J13: 09:20:23 | K13: SUTTISIT02 | L13: 0003 | N13: 0000 | P13: 0000000000 | Z13: PC | AA13: -3000 | AB13: 0 | AC13: 46204 | AD13: 46204 | AF13: 46204 | AG13: -3000 | AH13: =LEFT(I13,3) | AI13: =LEFT(A13,2) -> 58 | AJ13: =VLOOKUP(T13,'GL Name'!A:B,2,0) -> #N/A | AL13: =AB13/AA13 -> 0 | AM13: =VLOOKUP(I13,'Order 301-305 (เรียง)'!A:B,2,0) -> #N/A | AN13: =VLOOKUP(I13,'Order 301-305 (เรียง)'!A:C,3,0) -> #N/A
A14: 59000002 | B14: GOLD BLEND ALL CAFE' ขนาด 500 G. | C14: 0328 | D14: 927 | E14: GI ค่าวิจัยและพัฒนา | F14: 4915121463 | G14: M001 | H14: 190601-R/B | J14: 13:58:43 | K14: RAPEESAN01 | L14: 0001 | N14: 0000 | P14: 0150823831 | R14: เพื่อส่งให้ RD'QA 7-11 ตรวจสอบ | S14: 405053 | T14: 67501001 | Z14: BAG | AA14: -6 | AB14: -1016.28 | AC14: 46204 | AD14: 46204 | AF14: 46204 | AG14: -3000 | AH14: =LEFT(I14,3) | AI14: =LEFT(A14,2) -> 59 | AJ14: =VLOOKUP(T14,'GL Name'!A:B,2,0) -> ค่าวิจัยคุณภาพสินค้า | AL14: =AB14/AA14 -> 169.38 | AM14: =VLOOKUP(I14,'Order 301-305 (เรียง)'!A:B,2,0) -> #N/A | AN14: =VLOOKUP(I14,'Order 301-305 (เรียง)'!A:C,3,0) -> #N/A
A15: 59000001 | B15: เมล็ดกาแฟ CPR Coffee Bean MF. 500 G. | C15: 0328 | D15: 601 | E15: GD goods issue:delvy | F15: 4915131741 | G15: P004 | H15: 090426-T/B | J15: 14:52:54 | K15: CHONMPRA | L15: 0001 | N15: 0000 | P15: 0000000000 | T15: 51003100 | X15: 2000124686 | Z15: BAG | AA15: -60 | AB15: -10161.6 | AC15: 46204 | AD15: 46204 | AF15: 46204 | AG15: -30000 | AH15: =LEFT(I15,3) | AI15: =LEFT(A15,2) -> 59 | AJ15: =VLOOKUP(T15,'GL Name'!A:B,2,0) -> ต้นทุนขาย | AL15: =AB15/AA15 -> 169.36 | AM15: =VLOOKUP(I15,'Order 301-305 (เรียง)'!A:B,2,0) -> #N/A | AN15: =VLOOKUP(I15,'Order 301-305 (เรียง)'!A:C,3,0) -> #N/A
A16: 59000001 | B16: เมล็ดกาแฟ CPR Coffee Bean MF. 500 G. | C16: 0328 | D16: 601 | E16: GD goods issue:delvy | F16: 4915141309 | G16: P004 | H16: 090426-T/B | J16: 16:08:20 | K16: CHONMPRA | L16: 0001 | N16: 0000 | P16: 0000000000 | T16: 51003100 | X16: 2000124688 | Z16: BAG | AA16: -60 | AB16: -10161.6 | AC16: 46204 | AD16: 46204 | AF16: 46204 | AG16: -30000 | AH16: =LEFT(I16,3) | AI16: =LEFT(A16,2) -> 59 | AJ16: =VLOOKUP(T16,'GL Name'!A:B,2,0) -> ต้นทุนขาย | AL16: =AB16/AA16 -> 169.36 | AM16: =VLOOKUP(I16,'Order 301-305 (เรียง)'!A:B,2,0) -> #N/A | AN16: =VLOOKUP(I16,'Order 301-305 (เรียง)'!A:C,3,0) -> #N/A
A17: 54002341 | B17: สารกาแฟโรบัสต้า | C17: 0328 | D17: 311 | E17: TF trfr within plant | F17: 4915143133 | G17: M002 | H17: 260616-BBB | J17: 16:54:39 | K17: PRONDTAN | L17: 0001 | N17: 0000 | P17: 0000000000 | Z17: KG | AA17: -6988 | AB17: 0 | AC17: 46204 | AD17: 46204 | AF17: 46204 | AG17: -6988000 | AH17: =LEFT(I17,3) | AI17: =LEFT(A17,2) -> 54 | AJ17: =VLOOKUP(T17,'GL Name'!A:B,2,0) -> #N/A | AL17: =AB17/AA17 -> 0 | AM17: =VLOOKUP(I17,'Order 301-305 (เรียง)'!A:B,2,0) -> #N/A | AN17: =VLOOKUP(I17,'Order 301-305 (เรียง)'!A:C,3,0) -> #N/A
A18: 54002341 | B18: สารกาแฟโรบัสต้า | C18: 0328 | D18: 311 | E18: TF trfr within plant | F18: 4915143133 | G18: P001 | H18: 260616-BBB | J18: 16:54:39 | K18: PRONDTAN | L18: 0002 | N18: 0000 | P18: 0000000000 | Z18: KG | AA18: 6988 | AB18: 0 | AC18: 46204 | AD18: 46204 | AF18: 46204 | AG18: 6988000 | AH18: =LEFT(I18,3) | AI18: =LEFT(A18,2) -> 54 | AJ18: =VLOOKUP(T18,'GL Name'!A:B,2,0) -> #N/A | AL18: =AB18/AA18 -> 0 | AM18: =VLOOKUP(I18,'Order 301-305 (เรียง)'!A:B,2,0) -> #N/A | AN18: =VLOOKUP(I18,'Order 301-305 (เรียง)'!A:C,3,0) -> #N/A
A19: 59000002 | B19: GOLD BLEND ALL CAFE' ขนาด 500 G. | C19: 0328 | D19: 601 | E19: GD goods issue:delvy | F19: 4915148334 | G19: M001 | H19: 190601-R/B | J19: 18:34:46 | K19: RAPEESAN01 | L19: 0001 | N19: 0000 | P19: 0000000000 | T19: 51003100 | X19: 2000124696 | Z19: BOX | AA19: -1920 | AB19: -1951257.6 | AC19: 46204 | AD19: 46204 | AF19: 46204 | AG19: -5760000 | AH19: =LEFT(I19,3) | AI19: =LEFT(A19,2) -> 59 | AJ19: =VLOOKUP(T19,'GL Name'!A:B,2,0) -> ต้นทุนขาย | AL19: =AB19/AA19 -> 1016.28 | AM19: =VLOOKUP(I19,'Order 301-305 (เรียง)'!A:B,2,0) -> #N/A | AN19: =VLOOKUP(I19,'Order 301-305 (เรียง)'!A:C,3,0) -> #N/A
A20: 59000002 | B20: GOLD BLEND ALL CAFE' ขนาด 500 G. | C20: 0328 | D20: 601 | E20: GD goods issue:delvy | F20: 4915148461 | G20: M001 | H20: 190602RF/B | J20: 18:36:44 | K20: RAPEESAN01 | L20: 0002 | N20: 0000 | P20: 0000000000 | T20: 51003100 | X20: 2000124697 | Z20: BOX | AA20: -149 | AB20: -151425.72 | AC20: 46204 | AD20: 46204 | AF20: 46204 | AG20: -447000 | AH20: =LEFT(I20,3) | AI20: =LEFT(A20,2) -> 59 | AJ20: =VLOOKUP(T20,'GL Name'!A:B,2,0) -> ต้นทุนขาย | AL20: =AB20/AA20 -> 1016.28 | AM20: =VLOOKUP(I20,'Order 301-305 (เรียง)'!A:B,2,0) -> #N/A | AN20: =VLOOKUP(I20,'Order 301-305 (เรียง)'!A:C,3,0) -> #N/A
A21: 59000002 | B21: GOLD BLEND ALL CAFE' ขนาด 500 G. | C21: 0328 | D21: 601 | E21: GD goods issue:delvy | F21: 4915148461 | G21: M001 | H21: 190601-R/B | J21: 18:36:44 | K21: RAPEESAN01 | L21: 0001 | N21: 0000 | P21: 0000000000 | T21: 51003100 | X21: 2000124697 | Z21: BOX | AA21: -811 | AB21: -824203.08 | AC21: 46204 | AD21: 46204 | AF21: 46204 | AG21: -2433000 | AH21: =LEFT(I21,3) | AI21: =LEFT(A21,2) -> 59 | AJ21: =VLOOKUP(T21,'GL Name'!A:B,2,0) -> ต้นทุนขาย | AL21: =AB21/AA21 -> 1016.28 | AM21: =VLOOKUP(I21,'Order 301-305 (เรียง)'!A:B,2,0) -> #N/A | AN21: =VLOOKUP(I21,'Order 301-305 (เรียง)'!A:C,3,0) -> #N/A
A22: 59000002 | B22: GOLD BLEND ALL CAFE' ขนาด 500 G. | C22: 0328 | D22: 927 | E22: GI ค่าวิจัยและพัฒนา | F22: 4915148620 | G22: M001 | H22: 190601-R/B | J22: 18:41:37 | K22: RAPEESAN01 | L22: 0001 | N22: 0000 | P22: 0150838045 | R22: Routine 01.07.26.1 A010R002 | S22: 405053 | T22: 67501001 | Z22: BAG | AA22: -2 | AB22: -338.76 | AC22: 46204 | AD22: 46204 | AF22: 46204 | AG22: -1000 | AH22: =LEFT(I22,3) | AI22: =LEFT(A22,2) -> 59 | AJ22: =VLOOKUP(T22,'GL Name'!A:B,2,0) -> ค่าวิจัยคุณภาพสินค้า | AL22: =AB22/AA22 -> 169.38 | AM22: =VLOOKUP(I22,'Order 301-305 (เรียง)'!A:B,2,0) -> #N/A | AN22: =VLOOKUP(I22,'Order 301-305 (เรียง)'!A:C,3,0) -> #N/A
A23: 59000002 | B23: GOLD BLEND ALL CAFE' ขนาด 500 G. | C23: 0328 | D23: 927 | E23: GI ค่าวิจัยและพัฒนา | F23: 4915148620 | G23: M001 | H23: 190601-R/B | J23: 18:41:37 | K23: RAPEESAN01 | L23: 0002 | N23: 0000 | P23: 0150838045 | R23: Retain 01.07.26.1 A010R002 | S23: 405053 | T23: 67501001 | Z23: BAG | AA23: -2 | AB23: -338.76 | AC23: 46204 | AD23: 46204 | AF23: 46204 | AG23: -1000 | AH23: =LEFT(I23,3) | AI23: =LEFT(A23,2) -> 59 | AJ23: =VLOOKUP(T23,'GL Name'!A:B,2,0) -> ค่าวิจัยคุณภาพสินค้า | AL23: =AB23/AA23 -> 169.38 | AM23: =VLOOKUP(I23,'Order 301-305 (เรียง)'!A:B,2,0) -> #N/A | AN23: =VLOOKUP(I23,'Order 301-305 (เรียง)'!A:C,3,0) -> #N/A
A24: 59100000 | B24: เมล็ดกาแฟ CPR Calibrate MF. 500 G. | C24: 0328 | D24: 927 | E24: GI ค่าวิจัยและพัฒนา | F24: 4915148882 | G24: M001 | H24: 260505-T/B | J24: 18:47:28 | K24: RAPEESAN01 | L24: 0002 | N24: 0000 | P24: 0150837958 | R24: RD ทดสอบ Grade B | S24: 405053 | T24: 67501001 | Z24: BAG | AA24: -4 | AB24: -677.44 | AC24: 46204 | AD24: 46204 | AF24: 46204 | AG24: -2000 | AH24: =LEFT(I24,3) | AI24: =LEFT(A24,2) -> 59 | AJ24: =VLOOKUP(T24,'GL Name'!A:B,2,0) -> ค่าวิจัยคุณภาพสินค้า | AL24: =AB24/AA24 -> 169.36 | AM24: =VLOOKUP(I24,'Order 301-305 (เรียง)'!A:B,2,0) -> #N/A | AN24: =VLOOKUP(I24,'Order 301-305 (เรียง)'!A:C,3,0) -> #N/A
A25: 59100000 | B25: เมล็ดกาแฟ CPR Calibrate MF. 500 G. | C25: 0328 | D25: 927 | E25: GI ค่าวิจัยและพัฒนา | F25: 4915148882 | G25: M001 | H25: 260505-FG | J25: 18:47:28 | K25: RAPEESAN01 | L25: 0001 | N25: 0000 | P25: 0150837958 | R25: RD ทดสอบ Grade B | S25: 405053 | T25: 67501001 | Z25: BAG | AA25: -5 | AB25: -846.8 | AC25: 46204 | AD25: 46204 | AF25: 46204 | AG25: -2500 | AH25: =LEFT(I25,3) | AI25: =LEFT(A25,2) -> 59 | AJ25: =VLOOKUP(T25,'GL Name'!A:B,2,0) -> ค่าวิจัยคุณภาพสินค้า | AL25: =AB25/AA25 -> 169.36 | AM25: =VLOOKUP(I25,'Order 301-305 (เรียง)'!A:B,2,0) -> #N/A | AN25: =VLOOKUP(I25,'Order 301-305 (เรียง)'!A:C,3,0) -> #N/A
A26: 59000001 | B26: เมล็ดกาแฟ CPR Coffee Bean MF. 500 G. | C26: 0328 | D26: 601 | E26: GD goods issue:delvy | F26: 4915200389 | G26: P004 | H26: 090426-T/B | J26: 07:51:15 | K26: SONGPCHI | L26: 0001 | N26: 0000 | P26: 0000000000 | T26: 51003100 | X26: 2000124709 | Z26: G | AA26: -2 | AB26: -0.68 | AC26: 46205 | AD26: 46205 | AF26: 46205 | AG26: -2 | AH26: =LEFT(I26,3) | AI26: =LEFT(A26,2) -> 59 | AJ26: =VLOOKUP(T26,'GL Name'!A:B,2,0) -> ต้นทุนขาย | AK26: CN | AL26: =AB26/AA26 -> 0.34 | AM26: =VLOOKUP(I26,'Order 301-305 (เรียง)'!A:B,2,0) -> #N/A | AN26: =VLOOKUP(I26,'Order 301-305 (เรียง)'!A:C,3,0) -> #N/A
A27: 59000001 | B27: เมล็ดกาแฟ CPR Coffee Bean MF. 500 G. | C27: 0328 | D27: 601 | E27: GD goods issue:delvy | F27: 4915200524 | G27: P004 | H27: 090426-T/B | J27: 07:52:00 | K27: SONGPCHI | L27: 0001 | N27: 0000 | P27: 0000000000 | T27: 51003100 | X27: 2000124710 | Z27: BAG | AA27: -1 | AB27: -169.36 | AC27: 46205 | AD27: 46205 | AF27: 46205 | AG27: -500 | AH27: =LEFT(I27,3) | AI27: =LEFT(A27,2) -> 59 | AJ27: =VLOOKUP(T27,'GL Name'!A:B,2,0) -> ต้นทุนขาย | AL27: =AB27/AA27 -> 169.36 | AM27: =VLOOKUP(I27,'Order 301-305 (เรียง)'!A:B,2,0) -> #N/A | AN27: =VLOOKUP(I27,'Order 301-305 (เรียง)'!A:C,3,0) -> #N/A
A28: 59000001 | B28: เมล็ดกาแฟ CPR Coffee Bean MF. 500 G. | C28: 0328 | D28: 601 | E28: GD goods issue:delvy | F28: 4915200528 | G28: P004 | H28: 090426-T/B | J28: 07:52:46 | K28: SONGPCHI | L28: 0001 | N28: 0000 | P28: 0000000000 | T28: 51003100 | X28: 2000124711 | Z28: BAG | AA28: -1 | AB28: -169.36 | AC28: 46205 | AD28: 46205 | AF28: 46205 | AG28: -500 | AH28: =LEFT(I28,3) | AI28: =LEFT(A28,2) -> 59 | AJ28: =VLOOKUP(T28,'GL Name'!A:B,2,0) -> ต้นทุนขาย | AL28: =AB28/AA28 -> 169.36 | AM28: =VLOOKUP(I28,'Order 301-305 (เรียง)'!A:B,2,0) -> #N/A | AN28: =VLOOKUP(I28,'Order 301-305 (เรียง)'!A:C,3,0) -> #N/A
A29: 59000001 | B29: เมล็ดกาแฟ CPR Coffee Bean MF. 500 G. | C29: 0328 | D29: 601 | E29: GD goods issue:delvy | F29: 4915200553 | G29: P004 | H29: 090426-T/B | J29: 07:54:00 | K29: SONGPCHI | L29: 0001 | N29: 0000 | P29: 0000000000 | T29: 51003100 | X29: 2000124712 | Z29: BAG | AA29: -2 | AB29: -338.72 | AC29: 46205 | AD29: 46205 | AF29: 46205 | AG29: -1000 | AH29: =LEFT(I29,3) | AI29: =LEFT(A29,2) -> 59 | AJ29: =VLOOKUP(T29,'GL Name'!A:B,2,0) -> ต้นทุนขาย | AL29: =AB29/AA29 -> 169.36 | AM29: =VLOOKUP(I29,'Order 301-305 (เรียง)'!A:B,2,0) -> #N/A | AN29: =VLOOKUP(I29,'Order 301-305 (เรียง)'!A:C,3,0) -> #N/A
A30: 59000001 | B30: เมล็ดกาแฟ CPR Coffee Bean MF. 500 G. | C30: 0328 | D30: 601 | E30: GD goods issue:delvy | F30: 4915203368 | G30: P004 | H30: 090426-T/B | J30: 09:24:07 | K30: CHONMPRA | L30: 0001 | N30: 0000 | P30: 0000000000 | T30: 51003100 | X30: 2000124725 | Z30: BAG | AA30: -20 | AB30: -3387.2 | AC30: 46205 | AD30: 46205 | AF30: 46205 | AG30: -10000 | AH30: =LEFT(I30,3) | AI30: =LEFT(A30,2) -> 59 | AJ30: =VLOOKUP(T30,'GL Name'!A:B,2,0) -> ต้นทุนขาย | AL30: =AB30/AA30 -> 169.36 | AM30: =VLOOKUP(I30,'Order 301-305 (เรียง)'!A:B,2,0) -> #N/A | AN30: =VLOOKUP(I30,'Order 301-305 (เรียง)'!A:C,3,0) -> #N/A
A31: 59000001 | B31: เมล็ดกาแฟ CPR Coffee Bean MF. 500 G. | C31: 0328 | D31: 261 | E31: GI for order | F31: 4915205378 | G31: M001 | H31: 260505-T/B | I31: 305000000043 | J31: 10:16:45 | K31: JURASDOK | L31: 0002 | N31: 0000 | P31: 0000000000 | R31: เมล็ดกาแฟ CPR Coffee Bean MF. 500 G. | T31: 53001000 | Z31: BAG | AA31: -9 | AB31: -1524.24 | AC31: 46205 | AD31: 46204 | AF31: 46205 | AG31: -4500 | AH31: =LEFT(I31,3) -> 305 | AI31: =LEFT(A31,2) -> 59 | AJ31: =VLOOKUP(T31,'GL Name'!A:B,2,0) -> ต้นทุนผลิต-สินค้าสำเร็จรูป | AL31: =AB31/AA31 -> 169.36 | AM31: =VLOOKUP(I31,'Order 301-305 (เรียง)'!A:B,2,0) -> 59100000 | AN31: =VLOOKUP(I31,'Order 301-305 (เรียง)'!A:C,3,0) -> เมล็ดกาแฟ CPR Calibrate MF. 500 G.
A32: 59100000 | B32: เมล็ดกาแฟ CPR Calibrate MF. 500 G. | C32: 0328 | D32: 101 | E32: GR for order | F32: 4915205378 | G32: M001 | H32: 260505-T/B | I32: 305000000043 | J32: 10:16:45 | K32: JURASDOK | L32: 0001 | N32: 0000 | P32: 0000000000 | T32: 53001001 | Z32: BAG | AA32: 9 | AB32: 1524.24 | AC32: 46205 | AD32: 46204 | AF32: 46205 | AG32: 4500 | AH32: =LEFT(I32,3) -> 305 | AI32: =LEFT(A32,2) -> 59 | AJ32: =VLOOKUP(T32,'GL Name'!A:B,2,0) -> ต้นทุนผลิตโอน F/G | AL32: =AB32/AA32 -> 169.36 | AM32: =VLOOKUP(I32,'Order 301-305 (เรียง)'!A:B,2,0) -> 59100000 | AN32: =VLOOKUP(I32,'Order 301-305 (เรียง)'!A:C,3,0) -> เมล็ดกาแฟ CPR Calibrate MF. 500 G.
A33: 59100000 | B33: เมล็ดกาแฟ CPR Calibrate MF. 500 G. | C33: 0328 | D33: 301 | E33: TF trfr plnt to plnt | F33: 4915205380 | G33: M001 | H33: 260505-T/B | J33: 10:17:27 | K33: JURASDOK | L33: 0001 | N33: 0000 | P33: 0150733255 | Z33: BAG | AA33: -900 | AB33: -152424 | AC33: 46205 | AD33: 46205 | AF33: 46205 | AG33: -450000 | AH33: =LEFT(I33,3) | AI33: =LEFT(A33,2) -> 59 | AJ33: =VLOOKUP(T33,'GL Name'!A:B,2,0) -> #N/A | AL33: =AB33/AA33 -> 169.36 | AM33: =VLOOKUP(I33,'Order 301-305 (เรียง)'!A:B,2,0) -> #N/A | AN33: =VLOOKUP(I33,'Order 301-305 (เรียง)'!A:C,3,0) -> #N/A
A34: 59000004 | B34: Super Blend 500 G. | C34: 0328 | D34: 101 | E34: GR for order | F34: 4915205759 | G34: M001 | H34: 260701 | I34: 303000000309 | J34: 10:26:29 | K34: JURASDOK | L34: 0001 | N34: 0000 | P34: 0000000000 | T34: 53001001 | Z34: BAG | AA34: 1520 | AB34: 217466.4 | AC34: 46205 | AD34: 46204 | AF34: 46205 | AG34: 760000 | AH34: =LEFT(I34,3) -> 303 | AI34: =LEFT(A34,2) -> 59 | AJ34: =VLOOKUP(T34,'GL Name'!A:B,2,0) -> ต้นทุนผลิตโอน F/G | AL34: =AB34/AA34 -> 143.07 | AM34: =VLOOKUP(I34,'Order 301-305 (เรียง)'!A:B,2,0) -> 59000004 | AN34: =VLOOKUP(I34,'Order 301-305 (เรียง)'!A:C,3,0) -> Super Blend 500 G.
A35: 59000013 | B35: กาแฟมวลชน Gold Blend ขนาด 500 G. | C35: 0328 | D35: 601 | E35: GD goods issue:delvy | F35: 4915207160 | G35: P004 | H35: 280226-RE | J35: 11:03:17 | K35: THANAWIS | L35: 0001 | N35: 0000 | P35: 0000000000 | T35: 51003100 | X35: 2000124731 | Z35: BAG | AA35: -20 | AB35: -3509.4 | AC35: 46205 | AD35: 46205 | AF35: 46205 | AG35: -10000 | AH35: =LEFT(I35,3) | AI35: =LEFT(A35,2) -> 59 | AJ35: =VLOOKUP(T35,'GL Name'!A:B,2,0) -> ต้นทุนขาย | AL35: =AB35/AA35 -> 175.47 | AM35: =VLOOKUP(I35,'Order 301-305 (เรียง)'!A:B,2,0) -> #N/A | AN35: =VLOOKUP(I35,'Order 301-305 (เรียง)'!A:C,3,0) -> #N/A
A36: 59000013 | B36: กาแฟมวลชน Gold Blend ขนาด 500 G. | C36: 0328 | D36: 601 | E36: GD goods issue:delvy | F36: 4915214155 | G36: P004 | H36: 280226-RE | J36: 12:59:36 | K36: THANAWIS | L36: 0001 | N36: 0000 | P36: 0000000000 | T36: 51003100 | X36: 2000124768 | Z36: BAG | AA36: -2 | AB36: -350.94 | AC36: 46205 | AD36: 46205 | AF36: 46205 | AG36: -1000 | AH36: =LEFT(I36,3) | AI36: =LEFT(A36,2) -> 59 | AJ36: =VLOOKUP(T36,'GL Name'!A:B,2,0) -> ต้นทุนขาย | AL36: =AB36/AA36 -> 175.47 | AM36: =VLOOKUP(I36,'Order 301-305 (เรียง)'!A:B,2,0) -> #N/A | AN36: =VLOOKUP(I36,'Order 301-305 (เรียง)'!A:C,3,0) -> #N/A
A37: 59000001 | B37: เมล็ดกาแฟ CPR Coffee Bean MF. 500 G. | C37: 0328 | D37: 601 | E37: GD goods issue:delvy | F37: 4915223591 | G37: P004 | H37: 090426-T/B | J37: 14:13:16 | K37: SONGPCHI | L37: 0001 | N37: 0000 | P37: 0000000000 | T37: 51003100 | X37: 2000124780 | Z37: BAG | AA37: -2 | AB37: -338.72 | AC37: 46205 | AD37: 46205 | AF37: 46205 | AG37: -1000 | AH37: =LEFT(I37,3) | AI37: =LEFT(A37,2) -> 59 | AJ37: =VLOOKUP(T37,'GL Name'!A:B,2,0) -> ต้นทุนขาย | AL37: =AB37/AA37 -> 169.36 | AM37: =VLOOKUP(I37,'Order 301-305 (เรียง)'!A:B,2,0) -> #N/A | AN37: =VLOOKUP(I37,'Order 301-305 (เรียง)'!A:C,3,0) -> #N/A
A38: 59000001 | B38: เมล็ดกาแฟ CPR Coffee Bean MF. 500 G. | C38: 0328 | D38: 601 | E38: GD goods issue:delvy | F38: 4915223597 | G38: P004 | H38: 090426-T/B | J38: 14:16:31 | K38: SONGPCHI | L38: 0001 | N38: 0000 | P38: 0000000000 | T38: 51003100 | X38: 2000124781 | Z38: BAG | AA38: -2 | AB38: -338.72 | AC38: 46205 | AD38: 46205 | AF38: 46205 | AG38: -1000 | AH38: =LEFT(I38,3) | AI38: =LEFT(A38,2) -> 59 | AJ38: =VLOOKUP(T38,'GL Name'!A:B,2,0) -> ต้นทุนขาย | AL38: =AB38/AA38 -> 169.36 | AM38: =VLOOKUP(I38,'Order 301-305 (เรียง)'!A:B,2,0) -> #N/A | AN38: =VLOOKUP(I38,'Order 301-305 (เรียง)'!A:C,3,0) -> #N/A
A39: 59000001 | B39: เมล็ดกาแฟ CPR Coffee Bean MF. 500 G. | C39: 0328 | D39: 601 | E39: GD goods issue:delvy | F39: 4915224194 | G39: P004 | H39: 090426-T/B | J39: 14:17:50 | K39: SONGPCHI | L39: 0001 | N39: 0000 | P39: 0000000000 | T39: 51003100 | X39: 2000124782 | Z39: BAG | AA39: -2 | AB39: -338.72 | AC39: 46205 | AD39: 46205 | AF39: 46205 | AG39: -1000 | AH39: =LEFT(I39,3) | AI39: =LEFT(A39,2) -> 59 | AJ39: =VLOOKUP(T39,'GL Name'!A:B,2,0) -> ต้นทุนขาย | AL39: =AB39/AA39 -> 169.36 | AM39: =VLOOKUP(I39,'Order 301-305 (เรียง)'!A:B,2,0) -> #N/A | AN39: =VLOOKUP(I39,'Order 301-305 (เรียง)'!A:C,3,0) -> #N/A
A40: 59000001 | B40: เมล็ดกาแฟ CPR Coffee Bean MF. 500 G. | C40: 0328 | D40: 601 | E40: GD goods issue:delvy | F40: 4915224564 | G40: P004 | H40: 090426-T/B | J40: 14:19:31 | K40: SONGPCHI | L40: 0001 | N40: 0000 | P40: 0000000000 | T40: 51003100 | X40: 2000124783 | Z40: BAG | AA40: -8 | AB40: -1354.88 | AC40: 46205 | AD40: 46205 | AF40: 46205 | AG40: -4000 | AH40: =LEFT(I40,3) | AI40: =LEFT(A40,2) -> 59 | AJ40: =VLOOKUP(T40,'GL Name'!A:B,2,0) -> ต้นทุนขาย | AL40: =AB40/AA40 -> 169.36 | AM40: =VLOOKUP(I40,'Order 301-305 (เรียง)'!A:B,2,0) -> #N/A | AN40: =VLOOKUP(I40,'Order 301-305 (เรียง)'!A:C,3,0) -> #N/A
A41: 58000002 | B41: WIPF WICOVALVE W009 | C41: 0328 | D41: 311 | E41: TF trfr within plant | F41: 4915226238 | G41: M003 | H41: 25092025 | J41: 14:28:56 | K41: PRONDTAN | L41: 0007 | N41: 0000 | P41: 0000000000 | Z41: PC | AA41: -20000 | AB41: 0 | AC41: 46205 | AD41: 46205 | AF41: 46205 | AG41: -20000 | AH41: =LEFT(I41,3) | AI41: =LEFT(A41,2) -> 58 | AJ41: =VLOOKUP(T41,'GL Name'!A:B,2,0) -> #N/A | AL41: =AB41/AA41 -> 0 | AM41: =VLOOKUP(I41,'Order 301-305 (เรียง)'!A:B,2,0) -> #N/A | AN41: =VLOOKUP(I41,'Order 301-305 (เรียง)'!A:C,3,0) -> #N/A
A42: 58000002 | B42: WIPF WICOVALVE W009 | C42: 0328 | D42: 311 | E42: TF trfr within plant | F42: 4915226238 | G42: P003 | H42: 25092025 | J42: 14:28:56 | K42: PRONDTAN | L42: 0008 | N42: 0000 | P42: 0000000000 | Z42: PC | AA42: 20000 | AB42: 0 | AC42: 46205 | AD42: 46205 | AF42: 46205 | AG42: 20000 | AH42: =LEFT(I42,3) | AI42: =LEFT(A42,2) -> 58 | AJ42: =VLOOKUP(T42,'GL Name'!A:B,2,0) -> #N/A | AL42: =AB42/AA42 -> 0 | AM42: =VLOOKUP(I42,'Order 301-305 (เรียง)'!A:B,2,0) -> #N/A | AN42: =VLOOKUP(I42,'Order 301-305 (เรียง)'!A:C,3,0) -> #N/A
A43: 58000004 | B43: Film roll All cafe500g.420mm*900m | C43: 0328 | D43: 311 | E43: TF trfr within plant | F43: 4915226238 | G43: P003 | H43: 20260609 | J43: 14:28:56 | K43: PRONDTAN | L43: 0006 | N43: 0000 | P43: 0000000000 | Z43: PC | AA43: 24000 | AB43: 0 | AC43: 46205 | AD43: 46205 | AF43: 46205 | AG43: 24000 | AH43: =LEFT(I43,3) | AI43: =LEFT(A43,2) -> 58 | AJ43: =VLOOKUP(T43,'GL Name'!A:B,2,0) -> #N/A | AL43: =AB43/AA43 -> 0 | AM43: =VLOOKUP(I43,'Order 301-305 (เรียง)'!A:B,2,0) -> #N/A | AN43: =VLOOKUP(I43,'Order 301-305 (เรียง)'!A:C,3,0) -> #N/A
A44: 58000004 | B44: Film roll All cafe500g.420mm*900m | C44: 0328 | D44: 311 | E44: TF trfr within plant | F44: 4915226238 | G44: M003 | H44: 20260609 | J44: 14:28:56 | K44: PRONDTAN | L44: 0005 | N44: 0000 | P44: 0000000000 | Z44: PC | AA44: -24000 | AB44: 0 | AC44: 46205 | AD44: 46205 | AF44: 46205 | AG44: -24000 | AH44: =LEFT(I44,3) | AI44: =LEFT(A44,2) -> 58 | AJ44: =VLOOKUP(T44,'GL Name'!A:B,2,0) -> #N/A | AL44: =AB44/AA44 -> 0 | AM44: =VLOOKUP(I44,'Order 301-305 (เรียง)'!A:B,2,0) -> #N/A | AN44: =VLOOKUP(I44,'Order 301-305 (เรียง)'!A:C,3,0) -> #N/A
A45: 58000006 | B45: All Cafe ลังกระดาษ (287*240*177 mm.) | C45: 0328 | D45: 311 | E45: TF trfr within plant | F45: 4915226238 | G45: M003 | H45: 20260619 | J45: 14:28:56 | K45: PRONDTAN | L45: 0001 | N45: 0000 | P45: 0000000000 | Z45: PC | AA45: -2900 | AB45: 0 | AC45: 46205 | AD45: 46205 | AF45: 46205 | AG45: -2900 | AH45: =LEFT(I45,3) | AI45: =LEFT(A45,2) -> 58 | AJ45: =VLOOKUP(T45,'GL Name'!A:B,2,0) -> #N/A | AL45: =AB45/AA45 -> 0 | AM45: =VLOOKUP(I45,'Order 301-305 (เรียง)'!A:B,2,0) -> #N/A | AN45: =VLOOKUP(I45,'Order 301-305 (เรียง)'!A:C,3,0) -> #N/A
A46: 58000006 | B46: All Cafe ลังกระดาษ (287*240*177 mm.) | C46: 0328 | D46: 311 | E46: TF trfr within plant | F46: 4915226238 | G46: P003 | H46: 20260619 | J46: 14:28:56 | K46: PRONDTAN | L46: 0002 | N46: 0000 | P46: 0000000000 | Z46: PC | AA46: 2900 | AB46: 0 | AC46: 46205 | AD46: 46205 | AF46: 46205 | AG46: 2900 | AH46: =LEFT(I46,3) | AI46: =LEFT(A46,2) -> 58 | AJ46: =VLOOKUP(T46,'GL Name'!A:B,2,0) -> #N/A | AL46: =AB46/AA46 -> 0 | AM46: =VLOOKUP(I46,'Order 301-305 (เรียง)'!A:B,2,0) -> #N/A | AN46: =VLOOKUP(I46,'Order 301-305 (เรียง)'!A:C,3,0) -> #N/A
A47: 58000006 | B47: All Cafe ลังกระดาษ (287*240*177 mm.) | C47: 0328 | D47: 311 | E47: TF trfr within plant | F47: 4915226238 | G47: M003 | H47: 20260622 | J47: 14:28:56 | K47: PRONDTAN | L47: 0003 | N47: 0000 | P47: 0000000000 | Z47: PC | AA47: -1100 | AB47: 0 | AC47: 46205 | AD47: 46205 | AF47: 46205 | AG47: -1100 | AH47: =LEFT(I47,3) | AI47: =LEFT(A47,2) -> 58 | AJ47: =VLOOKUP(T47,'GL Name'!A:B,2,0) -> #N/A | AL47: =AB47/AA47 -> 0 | AM47: =VLOOKUP(I47,'Order 301-305 (เรียง)'!A:B,2,0) -> #N/A | AN47: =VLOOKUP(I47,'Order 301-305 (เรียง)'!A:C,3,0) -> #N/A
A48: 58000006 | B48: All Cafe ลังกระดาษ (287*240*177 mm.) | C48: 0328 | D48: 311 | E48: TF trfr within plant | F48: 4915226238 | G48: P003 | H48: 20260622 | J48: 14:28:56 | K48: PRONDTAN | L48: 0004 | N48: 0000 | P48: 0000000000 | Z48: PC | AA48: 1100 | AB48: 0 | AC48: 46205 | AD48: 46205 | AF48: 46205 | AG48: 1100 | AH48: =LEFT(I48,3) | AI48: =LEFT(A48,2) -> 58 | AJ48: =VLOOKUP(T48,'GL Name'!A:B,2,0) -> #N/A | AL48: =AB48/AA48 -> 0 | AM48: =VLOOKUP(I48,'Order 301-305 (เรียง)'!A:B,2,0) -> #N/A | AN48: =VLOOKUP(I48,'Order 301-305 (เรียง)'!A:C,3,0) -> #N/A
A49: 58000009 | B49: สติ๊กเกอร์ Classic Beans (หน้า) | C49: 0328 | D49: 311 | E49: TF trfr within plant | F49: 4915227084 | G49: P003 | H49: 250607 | J49: 14:32:39 | K49: PRONDTAN | L49: 0002 | N49: 0000 | P49: 0000000000 | Z49: EA | AA49: 24 | AB49: 0 | AC49: 46205 | AD49: 46205 | AF49: 46205 | AG49: 24 | AH49: =LEFT(I49,3) | AI49: =LEFT(A49,2) -> 58 | AJ49: =VLOOKUP(T49,'GL Name'!A:B,2,0) -> #N/A | AL49: =AB49/AA49 -> 0 | AM49: =VLOOKUP(I49,'Order 301-305 (เรียง)'!A:B,2,0) -> #N/A | AN49: =VLOOKUP(I49,'Order 301-305 (เรียง)'!A:C,3,0) -> #N/A
A50: 58000009 | B50: สติ๊กเกอร์ Classic Beans (หน้า) | C50: 0328 | D50: 311 | E50: TF trfr within plant | F50: 4915227084 | G50: M003 | H50: 250607 | J50: 14:32:39 | K50: PRONDTAN | L50: 0001 | N50: 0000 | P50: 0000000000 | Z50: EA | AA50: -24 | AB50: 0 | AC50: 46205 | AD50: 46205 | AF50: 46205 | AG50: -24 | AH50: =LEFT(I50,3) | AI50: =LEFT(A50,2) -> 58 | AJ50: =VLOOKUP(T50,'GL Name'!A:B,2,0) -> #N/A | AL50: =AB50/AA50 -> 0 | AM50: =VLOOKUP(I50,'Order 301-305 (เรียง)'!A:B,2,0) -> #N/A | AN50: =VLOOKUP(I50,'Order 301-305 (เรียง)'!A:C,3,0) -> #N/A
A51: 59000002 | B51: GOLD BLEND ALL CAFE' ขนาด 500 G. | C51: 0328 | D51: 601 | E51: GD goods issue:delvy | F51: 4915230539 | G51: M001 | H51: 190602RF/B | J51: 14:50:54 | K51: PRONDTAN | L51: 0001 | N51: 0000 | P51: 0000000000 | T51: 51003100 | X51: 2000124792 | Z51: BOX | AA51: -960 | AB51: -975628.8 | AC51: 46205 | AD51: 46205 | AF51: 46205 | AG51: -2880000 | AH51: =LEFT(I51,3) | AI51: =LEFT(A51,2) -> 59 | AJ51: =VLOOKUP(T51,'GL Name'!A:B,2,0) -> ต้นทุนขาย | AL51: =AB51/AA51 -> 1016.28 | AM51: =VLOOKUP(I51,'Order 301-305 (เรียง)'!A:B,2,0) -> #N/A | AN51: =VLOOKUP(I51,'Order 301-305 (เรียง)'!A:C,3,0) -> #N/A
A52: 59000002 | B52: GOLD BLEND ALL CAFE' ขนาด 500 G. | C52: 0328 | D52: 927 | E52: GI ค่าวิจัยและพัฒนา | F52: 4915231482 | G52: M001 | H52: 090604-C/B | J52: 14:54:13 | K52: SUTTISIT02 | L52: 0001 | N52: 0000 | P52: 0150870453 | R52: เพื่อส่งให้ RD'QA 7-11 ตรวจสอบ | S52: 405053 | T52: 67501001 | Z52: BAG | AA52: -2 | AB52: -338.76 | AC52: 46205 | AD52: 46205 | AF52: 46205 | AG52: -1000 | AH52: =LEFT(I52,3) | AI52: =LEFT(A52,2) -> 59 | AJ52: =VLOOKUP(T52,'GL Name'!A:B,2,0) -> ค่าวิจัยคุณภาพสินค้า | AL52: =AB52/AA52 -> 169.38 | AM52: =VLOOKUP(I52,'Order 301-305 (เรียง)'!A:B,2,0) -> #N/A | AN52: =VLOOKUP(I52,'Order 301-305 (เรียง)'!A:C,3,0) -> #N/A
A53: 59000004 | B53: Super Blend 500 G. | C53: 0328 | D53: 311 | E53: TF trfr within plant | F53: 4915236445 | G53: M001 | H53: 260701 | J53: 15:33:36 | K53: JURASDOK | L53: 0001 | N53: 0000 | P53: 0000000000 | Z53: BAG | AA53: -1519 | AB53: 0 | AC53: 46205 | AD53: 46205 | AF53: 46205 | AG53: -759500 | AH53: =LEFT(I53,3) | AI53: =LEFT(A53,2) -> 59 | AJ53: =VLOOKUP(T53,'GL Name'!A:B,2,0) -> #N/A | AL53: =AB53/AA53 -> 0 | AM53: =VLOOKUP(I53,'Order 301-305 (เรียง)'!A:B,2,0) -> #N/A | AN53: =VLOOKUP(I53,'Order 301-305 (เรียง)'!A:C,3,0) -> #N/A
A54: 59000004 | B54: Super Blend 500 G. | C54: 0328 | D54: 311 | E54: TF trfr within plant | F54: 4915236445 | G54: P004 | H54: 260701 | J54: 15:33:36 | K54: JURASDOK | L54: 0002 | N54: 0000 | P54: 0000000000 | Z54: BAG | AA54: 1519 | AB54: 0 | AC54: 46205 | AD54: 46205 | AF54: 46205 | AG54: 759500 | AH54: =LEFT(I54,3) | AI54: =LEFT(A54,2) -> 59 | AJ54: =VLOOKUP(T54,'GL Name'!A:B,2,0) -> #N/A | AL54: =AB54/AA54 -> 0 | AM54: =VLOOKUP(I54,'Order 301-305 (เรียง)'!A:B,2,0) -> #N/A | AN54: =VLOOKUP(I54,'Order 301-305 (เรียง)'!A:C,3,0) -> #N/A
A55: 59000004 | B55: Super Blend 500 G. | C55: 0328 | D55: 601 | E55: GD goods issue:delvy | F55: 4915238600 | G55: P004 | H55: 260701 | J55: 16:24:32 | K55: CHONMPRA | L55: 0001 | N55: 0000 | P55: 0000000000 | T55: 51003100 | X55: 2000124802 | Z55: BAG | AA55: -100 | AB55: -14307 | AC55: 46205 | AD55: 46205 | AF55: 46205 | AG55: -50000 | AH55: =LEFT(I55,3) | AI55: =LEFT(A55,2) -> 59 | AJ55: =VLOOKUP(T55,'GL Name'!A:B,2,0) -> ต้นทุนขาย | AL55: =AB55/AA55 -> 143.07 | AM55: =VLOOKUP(I55,'Order 301-305 (เรียง)'!A:B,2,0) -> #N/A | AN55: =VLOOKUP(I55,'Order 301-305 (เรียง)'!A:C,3,0) -> #N/A
A56: 59000004 | B56: Super Blend 500 G. | C56: 0328 | D56: 601 | E56: GD goods issue:delvy | F56: 4915238696 | G56: P004 | H56: 260701 | J56: 16:25:38 | K56: CHONMPRA | L56: 0001 | N56: 0000 | P56: 0000000000 | T56: 51003100 | X56: 2000124803 | Z56: BAG | AA56: -120 | AB56: -17168.4 | AC56: 46205 | AD56: 46205 | AF56: 46205 | AG56: -60000 | AH56: =LEFT(I56,3) | AI56: =LEFT(A56,2) -> 59 | AJ56: =VLOOKUP(T56,'GL Name'!A:B,2,0) -> ต้นทุนขาย | AL56: =AB56/AA56 -> 143.07 | AM56: =VLOOKUP(I56,'Order 301-305 (เรียง)'!A:B,2,0) -> #N/A | AN56: =VLOOKUP(I56,'Order 301-305 (เรียง)'!A:C,3,0) -> #N/A
A57: 59000004 | B57: Super Blend 500 G. | C57: 0328 | D57: 601 | E57: GD goods issue:delvy | F57: 4915238797 | G57: P004 | H57: 260701 | J57: 16:26:45 | K57: CHONMPRA | L57: 0001 | N57: 0000 | P57: 0000000000 | T57: 51003100 | X57: 2000124804 | Z57: BAG | AA57: -100 | AB57: -14307 | AC57: 46205 | AD57: 46205 | AF57: 46205 | AG57: -50000 | AH57: =LEFT(I57,3) | AI57: =LEFT(A57,2) -> 59 | AJ57: =VLOOKUP(T57,'GL Name'!A:B,2,0) -> ต้นทุนขาย | AL57: =AB57/AA57 -> 143.07 | AM57: =VLOOKUP(I57,'Order 301-305 (เรียง)'!A:B,2,0) -> #N/A | AN57: =VLOOKUP(I57,'Order 301-305 (เรียง)'!A:C,3,0) -> #N/A
A58: 59000004 | B58: Super Blend 500 G. | C58: 0328 | D58: 601 | E58: GD goods issue:delvy | F58: 4915238873 | G58: P004 | H58: 260602 | J58: 16:27:45 | K58: CHONMPRA | L58: 0001 | N58: 0000 | P58: 0000000000 | T58: 51003100 | X58: 2000124805 | Z58: BAG | AA58: -60 | AB58: -8584.2 | AC58: 46205 | AD58: 46205 | AF58: 46205 | AG58: -30000 | AH58: =LEFT(I58,3) | AI58: =LEFT(A58,2) -> 59 | AJ58: =VLOOKUP(T58,'GL Name'!A:B,2,0) -> ต้นทุนขาย | AL58: =AB58/AA58 -> 143.07 | AM58: =VLOOKUP(I58,'Order 301-305 (เรียง)'!A:B,2,0) -> #N/A | AN58: =VLOOKUP(I58,'Order 301-305 (เรียง)'!A:C,3,0) -> #N/A
A59: 59000004 | B59: Super Blend 500 G. | C59: 0328 | D59: 601 | E59: GD goods issue:delvy | F59: 4915239033 | G59: P004 | H59: 260701 | J59: 16:29:35 | K59: CHONMPRA | L59: 0001 | N59: 0000 | P59: 0000000000 | T59: 51003100 | X59: 2000124806 | Z59: BAG | AA59: -140 | AB59: -20029.8 | AC59: 46205 | AD59: 46205 | AF59: 46205 | AG59: -70000 | AH59: =LEFT(I59,3) | AI59: =LEFT(A59,2) -> 59 | AJ59: =VLOOKUP(T59,'GL Name'!A:B,2,0) -> ต้นทุนขาย | AL59: =AB59/AA59 -> 143.07 | AM59: =VLOOKUP(I59,'Order 301-305 (เรียง)'!A:B,2,0) -> #N/A | AN59: =VLOOKUP(I59,'Order 301-305 (เรียง)'!A:C,3,0) -> #N/A
A60: 59000004 | B60: Super Blend 500 G. | C60: 0328 | D60: 601 | E60: GD goods issue:delvy | F60: 4915239067 | G60: P004 | H60: 260701 | J60: 16:30:14 | K60: CHONMPRA | L60: 0001 | N60: 0000 | P60: 0000000000 | T60: 51003100 | X60: 2000124807 | Z60: BAG | AA60: -100 | AB60: -14307 | AC60: 46205 | AD60: 46205 | AF60: 46205 | AG60: -50000 | AH60: =LEFT(I60,3) | AI60: =LEFT(A60,2) -> 59 | AJ60: =VLOOKUP(T60,'GL Name'!A:B,2,0) -> ต้นทุนขาย | AL60: =AB60/AA60 -> 143.07 | AM60: =VLOOKUP(I60,'Order 301-305 (เรียง)'!A:B,2,0) -> #N/A | AN60: =VLOOKUP(I60,'Order 301-305 (เรียง)'!A:C,3,0) -> #N/A
A61: 59000004 | B61: Super Blend 500 G. | C61: 0328 | D61: 601 | E61: GD goods issue:delvy | F61: 4915239184 | G61: P004 | H61: 260701 | J61: 16:31:40 | K61: CHONMPRA | L61: 0001 | N61: 0000 | P61: 0000000000 | T61: 51003100 | X61: 2000124809 | Z61: BAG | AA61: -80 | AB61: -11445.6 | AC61: 46205 | AD61: 46205 | AF61: 46205 | AG61: -40000 | AH61: =LEFT(I61,3) | AI61: =LEFT(A61,2) -> 59 | AJ61: =VLOOKUP(T61,'GL Name'!A:B,2,0) -> ต้นทุนขาย | AL61: =AB61/AA61 -> 143.07 | AM61: =VLOOKUP(I61,'Order 301-305 (เรียง)'!A:B,2,0) -> #N/A | AN61: =VLOOKUP(I61,'Order 301-305 (เรียง)'!A:C,3,0) -> #N/A
A62: 59000013 | B62: กาแฟมวลชน Gold Blend ขนาด 500 G. | C62: 0328 | D62: 929 | E62: GIส่งเสริมการขายอื่น | F62: 4915239336 | G62: P004 | H62: 280226-RE | J62: 16:33:38 | K62: THANAWIS | L62: 0001 | N62: 0000 | P62: 0150862008 | R62: เบิกเพื่อจับฉลากงานกอล์ฟ CP | S62: 405045 | T62: 65109000 | Z62: BAG | AA62: -12 | AB62: -2105.64 | AC62: 46205 | AD62: 46205 | AF62: 46205 | AG62: -6000 | AH62: =LEFT(I62,3) | AI62: =LEFT(A62,2) -> 59 | AJ62: =VLOOKUP(T62,'GL Name'!A:B,2,0) -> ส่งเสริมฯ อื่น | AL62: =AB62/AA62 -> 175.47 | AM62: =VLOOKUP(I62,'Order 301-305 (เรียง)'!A:B,2,0) -> #N/A | AN62: =VLOOKUP(I62,'Order 301-305 (เรียง)'!A:C,3,0) -> #N/A
A63: 59000004 | B63: Super Blend 500 G. | C63: 0328 | D63: 601 | E63: GD goods issue:delvy | F63: 4915241246 | G63: P004 | H63: 260701 | J63: 17:10:39 | K63: THANAWIS | L63: 0001 | N63: 0000 | P63: 0000000000 | T63: 51003100 | X63: 2000124811 | Z63: BAG | AA63: -100 | AB63: -14307 | AC63: 46205 | AD63: 46205 | AF63: 46205 | AG63: -50000 | AH63: =LEFT(I63,3) | AI63: =LEFT(A63,2) -> 59 | AJ63: =VLOOKUP(T63,'GL Name'!A:B,2,0) -> ต้นทุนขาย | AL63: =AB63/AA63 -> 143.07 | AM63: =VLOOKUP(I63,'Order 301-305 (เรียง)'!A:B,2,0) -> #N/A | AN63: =VLOOKUP(I63,'Order 301-305 (เรียง)'!A:C,3,0) -> #N/A
A64: 59000002 | B64: GOLD BLEND ALL CAFE' ขนาด 500 G. | C64: 0328 | D64: 927 | E64: GI ค่าวิจัยและพัฒนา | F64: 4915250068 | G64: M001 | H64: 090604-C/B | J64: 19:56:01 | K64: RAPEESAN01 | L64: 0001 | N64: 0000 | P64: 0150878067 | R64: Routine 01.07.26.2 A010R002 | S64: 405053 | T64: 67501001 | Z64: BAG | AA64: -3 | AB64: -508.14 | AC64: 46205 | AD64: 46205 | AF64: 46205 | AG64: -1500 | AH64: =LEFT(I64,3) | AI64: =LEFT(A64,2) -> 59 | AJ64: =VLOOKUP(T64,'GL Name'!A:B,2,0) -> ค่าวิจัยคุณภาพสินค้า | AL64: =AB64/AA64 -> 169.38 | AM64: =VLOOKUP(I64,'Order 301-305 (เรียง)'!A:B,2,0) -> #N/A | AN64: =VLOOKUP(I64,'Order 301-305 (เรียง)'!A:C,3,0) -> #N/A
A65: 59000002 | B65: GOLD BLEND ALL CAFE' ขนาด 500 G. | C65: 0328 | D65: 927 | E65: GI ค่าวิจัยและพัฒนา | F65: 4915250068 | G65: M001 | H65: 190602RF/B | J65: 19:56:01 | K65: RAPEESAN01 | L65: 0002 | N65: 0000 | P65: 0150878067 | R65: Retain 01.07.26.1 A010R002 | S65: 405053 | T65: 67501001 | Z65: BAG | AA65: -3 | AB65: -508.14 | AC65: 46205 | AD65: 46205 | AF65: 46205 | AG65: -1500 | AH65: =LEFT(I65,3) | AI65: =LEFT(A65,2) -> 59 | AJ65: =VLOOKUP(T65,'GL Name'!A:B,2,0) -> ค่าวิจัยคุณภาพสินค้า | AL65: =AB65/AA65 -> 169.38 | AM65: =VLOOKUP(I65,'Order 301-305 (เรียง)'!A:B,2,0) -> #N/A | AN65: =VLOOKUP(I65,'Order 301-305 (เรียง)'!A:C,3,0) -> #N/A
A66: 54002340 | B66: สารกาแฟอาราบิก้า | C66: 0328 | D66: 261 | E66: GI for order | F66: 4915298227 | G66: P001 | H66: 260320-RPT | I66: 301000000204 | J66: 11:00:35 | K66: SUTEESEA | L66: 0001 | N66: 0000 | P66: 0150907230 | T66: 53002000 | Z66: KG | AA66: -10030.5 | AB66: -2646750.2 | AC66: 46206 | AD66: 46204 | AF66: 46206 | AG66: -10030500 | AH66: =LEFT(I66,3) -> 301 | AI66: =LEFT(A66,2) -> 54 | AJ66: =VLOOKUP(T66,'GL Name'!A:B,2,0) -> ต้นทุนผลิต-วัตถุดิบ | AL66: =AB66/AA66 -> 263.87022 | AM66: =VLOOKUP(I66,'Order 301-305 (เรียง)'!A:B,2,0) -> Semi | AN66: =VLOOKUP(I66,'Order 301-305 (เรียง)'!A:C,3,0) -> Semi เมล็ดกาแฟ
A67: 58000002 | B67: WIPF WICOVALVE W009 | C67: 0328 | D67: 311 | E67: TF trfr within plant | F67: 4915314991 | G67: M003 | H67: 20260511 | J67: 14:10:52 | K67: RAPEESAN01 | L67: 0001 | N67: 0000 | P67: 0000000000 | Z67: PC | AA67: -20000 | AB67: 0 | AC67: 46206 | AD67: 46206 | AF67: 46206 | AG67: -20000 | AH67: =LEFT(I67,3) | AI67: =LEFT(A67,2) -> 58 | AJ67: =VLOOKUP(T67,'GL Name'!A:B,2,0) -> #N/A | AL67: =AB67/AA67 -> 0 | AM67: =VLOOKUP(I67,'Order 301-305 (เรียง)'!A:B,2,0) -> #N/A | AN67: =VLOOKUP(I67,'Order 301-305 (เรียง)'!A:C,3,0) -> #N/A
A68: 58000002 | B68: WIPF WICOVALVE W009 | C68: 0328 | D68: 311 | E68: TF trfr within plant | F68: 4915314991 | G68: P003 | H68: 20260511 | J68: 14:10:52 | K68: RAPEESAN01 | L68: 0002 | N68: 0000 | P68: 0000000000 | Z68: PC | AA68: 20000 | AB68: 0 | AC68: 46206 | AD68: 46206 | AF68: 46206 | AG68: 20000 | AH68: =LEFT(I68,3) | AI68: =LEFT(A68,2) -> 58 | AJ68: =VLOOKUP(T68,'GL Name'!A:B,2,0) -> #N/A | AL68: =AB68/AA68 -> 0 | AM68: =VLOOKUP(I68,'Order 301-305 (เรียง)'!A:B,2,0) -> #N/A | AN68: =VLOOKUP(I68,'Order 301-305 (เรียง)'!A:C,3,0) -> #N/A
A69: 58000004 | B69: Film roll All cafe500g.420mm*900m | C69: 0328 | D69: 311 | E69: TF trfr within plant | F69: 4915314991 | G69: P003 | H69: 20260609 | J69: 14:10:52 | K69: RAPEESAN01 | L69: 0004 | N69: 0000 | P69: 0000000000 | Z69: PC | AA69: 27000 | AB69: 0 | AC69: 46206 | AD69: 46206 | AF69: 46206 | AG69: 27000 | AH69: =LEFT(I69,3) | AI69: =LEFT(A69,2) -> 58 | AJ69: =VLOOKUP(T69,'GL Name'!A:B,2,0) -> #N/A | AL69: =AB69/AA69 -> 0 | AM69: =VLOOKUP(I69,'Order 301-305 (เรียง)'!A:B,2,0) -> #N/A | AN69: =VLOOKUP(I69,'Order 301-305 (เรียง)'!A:C,3,0) -> #N/A
A70: 58000004 | B70: Film roll All cafe500g.420mm*900m | C70: 0328 | D70: 311 | E70: TF trfr within plant | F70: 4915314991 | G70: M003 | H70: 20260609 | J70: 14:10:52 | K70: RAPEESAN01 | L70: 0003 | N70: 0000 | P70: 0000000000 | Z70: PC | AA70: -27000 | AB70: 0 | AC70: 46206 | AD70: 46206 | AF70: 46206 | AG70: -27000 | AH70: =LEFT(I70,3) | AI70: =LEFT(A70,2) -> 58 | AJ70: =VLOOKUP(T70,'GL Name'!A:B,2,0) -> #N/A | AL70: =AB70/AA70 -> 0 | AM70: =VLOOKUP(I70,'Order 301-305 (เรียง)'!A:B,2,0) -> #N/A | AN70: =VLOOKUP(I70,'Order 301-305 (เรียง)'!A:C,3,0) -> #N/A
A71: 58000006 | B71: All Cafe ลังกระดาษ (287*240*177 mm.) | C71: 0328 | D71: 311 | E71: TF trfr within plant | F71: 4915314991 | G71: M003 | H71: 20260622 | J71: 14:10:52 | K71: RAPEESAN01 | L71: 0005 | N71: 0000 | P71: 0000000000 | Z71: PC | AA71: -4000 | AB71: 0 | AC71: 46206 | AD71: 46206 | AF71: 46206 | AG71: -4000 | AH71: =LEFT(I71,3) | AI71: =LEFT(A71,2) -> 58 | AJ71: =VLOOKUP(T71,'GL Name'!A:B,2,0) -> #N/A | AL71: =AB71/AA71 -> 0 | AM71: =VLOOKUP(I71,'Order 301-305 (เรียง)'!A:B,2,0) -> #N/A | AN71: =VLOOKUP(I71,'Order 301-305 (เรียง)'!A:C,3,0) -> #N/A
A72: 58000006 | B72: All Cafe ลังกระดาษ (287*240*177 mm.) | C72: 0328 | D72: 311 | E72: TF trfr within plant | F72: 4915314991 | G72: P003 | H72: 20260622 | J72: 14:10:52 | K72: RAPEESAN01 | L72: 0006 | N72: 0000 | P72: 0000000000 | Z72: PC | AA72: 4000 | AB72: 0 | AC72: 46206 | AD72: 46206 | AF72: 46206 | AG72: 4000 | AH72: =LEFT(I72,3) | AI72: =LEFT(A72,2) -> 58 | AJ72: =VLOOKUP(T72,'GL Name'!A:B,2,0) -> #N/A | AL72: =AB72/AA72 -> 0 | AM72: =VLOOKUP(I72,'Order 301-305 (เรียง)'!A:B,2,0) -> #N/A | AN72: =VLOOKUP(I72,'Order 301-305 (เรียง)'!A:C,3,0) -> #N/A
A73: 54002340 | B73: สารกาแฟอาราบิก้า | C73: 0328 | D73: 927 | E73: GI ค่าวิจัยและพัฒนา | F73: 4915326263 | G73: P001 | H73: 260320-RPT | J73: 14:57:46 | K73: SUTEESEA | L73: 0001 | N73: 0000 | P73: 0150878225 | R73: A.RPT 20.03.26 CL14:15 Silo 1 | S73: 405053 | T73: 67501001 | Z73: G | AA73: -500 | AB73: -131.94 | AC73: 46205 | AD73: 46205 | AF73: 46206 | AG73: -500 | AH73: =LEFT(I73,3) | AI73: =LEFT(A73,2) -> 54 | AJ73: =VLOOKUP(T73,'GL Name'!A:B,2,0) -> ค่าวิจัยคุณภาพสินค้า | AL73: =AB73/AA73 -> 0.26388 | AM73: =VLOOKUP(I73,'Order 301-305 (เรียง)'!A:B,2,0) -> #N/A | AN73: =VLOOKUP(I73,'Order 301-305 (เรียง)'!A:C,3,0) -> #N/A
A74: 54002341 | B74: สารกาแฟโรบัสต้า | C74: 0328 | D74: 927 | E74: GI ค่าวิจัยและพัฒนา | F74: 4915326263 | G74: P001 | H74: 260616-BBB | J74: 14:57:46 | K74: SUTEESEA | L74: 0002 | N74: 0000 | P74: 0150878225 | R74: R.BBB 16.06.26 CL09:00 Silo 5 | S74: 405053 | T74: 67501001 | Z74: G | AA74: -500 | AB74: -77.9 | AC74: 46205 | AD74: 46205 | AF74: 46206 | AG74: -500 | AH74: =LEFT(I74,3) | AI74: =LEFT(A74,2) -> 54 | AJ74: =VLOOKUP(T74,'GL Name'!A:B,2,0) -> ค่าวิจัยคุณภาพสินค้า | AL74: =AB74/AA74 -> 0.1558 | AM74: =VLOOKUP(I74,'Order 301-305 (เรียง)'!A:B,2,0) -> #N/A | AN74: =VLOOKUP(I74,'Order 301-305 (เรียง)'!A:C,3,0) -> #N/A
A75: 54002341 | B75: สารกาแฟโรบัสต้า | C75: 0328 | D75: 261 | E75: GI for order | F75: 4915334729 | G75: P001 | H75: 260514-BBB | I75: 301000000205 | J75: 16:46:47 | K75: SUTEESEA | L75: 0002 | N75: 0000 | P75: 0000000000 | R75: สารกาแฟโรบัสต้า | T75: 53002000 | Z75: KG | AA75: -229.31 | AB75: -35726.33 | AC75: 46206 | AD75: 46205 | AF75: 46206 | AG75: -229310 | AH75: =LEFT(I75,3) -> 301 | AI75: =LEFT(A75,2) -> 54 | AJ75: =VLOOKUP(T75,'GL Name'!A:B,2,0) -> ต้นทุนผลิต-วัตถุดิบ | AL75: =AB75/AA75 -> 155.79927 | AM75: =VLOOKUP(I75,'Order 301-305 (เรียง)'!A:B,2,0) -> Semi | AN75: =VLOOKUP(I75,'Order 301-305 (เรียง)'!A:C,3,0) -> Semi เมล็ดกาแฟ
A76: 54002341 | B76: สารกาแฟโรบัสต้า | C76: 0328 | D76: 261 | E76: GI for order | F76: 4915334729 | G76: P001 | H76: 260616-BBB | I76: 301000000205 | J76: 16:46:47 | K76: SUTEESEA | L76: 0001 | N76: 0000 | P76: 0150920570 | T76: 53002000 | Z76: KG | AA76: -9816.49 | AB76: -1529402 | AC76: 46206 | AD76: 46205 | AF76: 46206 | AG76: -9816490 | AH76: =LEFT(I76,3) -> 301 | AI76: =LEFT(A76,2) -> 54 | AJ76: =VLOOKUP(T76,'GL Name'!A:B,2,0) -> ต้นทุนผลิต-วัตถุดิบ | AL76: =AB76/AA76 -> 155.79927 | AM76: =VLOOKUP(I76,'Order 301-305 (เรียง)'!A:B,2,0) -> Semi | AN76: =VLOOKUP(I76,'Order 301-305 (เรียง)'!A:C,3,0) -> Semi เมล็ดกาแฟ
A77: 59000002 | B77: GOLD BLEND ALL CAFE' ขนาด 500 G. | C77: 0328 | D77: 601 | E77: GD goods issue:delvy | F77: 4915336719 | G77: M001 | H77: 190602RF/B | J77: 17:38:45 | K77: RAPEESAN01 | L77: 0001 | N77: 0000 | P77: 0000000000 | T77: 51003100 | X77: 2000124913 | Z77: BOX | AA77: -1661 | AB77: -1688041.1 | AC77: 46206 | AD77: 46206 | AF77: 46206 | AG77: -4983000 | AH77: =LEFT(I77,3) | AI77: =LEFT(A77,2) -> 59 | AJ77: =VLOOKUP(T77,'GL Name'!A:B,2,0) -> ต้นทุนขาย | AL77: =AB77/AA77 -> 1016.28 | AM77: =VLOOKUP(I77,'Order 301-305 (เรียง)'!A:B,2,0) -> #N/A | AN77: =VLOOKUP(I77,'Order 301-305 (เรียง)'!A:C,3,0) -> #N/A
A78: 59000002 | B78: GOLD BLEND ALL CAFE' ขนาด 500 G. | C78: 0328 | D78: 601 | E78: GD goods issue:delvy | F78: 4915336719 | G78: M001 | H78: 190603-F/B | J78: 17:38:45 | K78: RAPEESAN01 | L78: 0002 | N78: 0000 | P78: 0000000000 | T78: 51003100 | X78: 2000124913 | Z78: BOX | AA78: -259 | AB78: -263216.52 | AC78: 46206 | AD78: 46206 | AF78: 46206 | AG78: -777000 | AH78: =LEFT(I78,3) | AI78: =LEFT(A78,2) -> 59 | AJ78: =VLOOKUP(T78,'GL Name'!A:B,2,0) -> ต้นทุนขาย | AL78: =AB78/AA78 -> 1016.28 | AM78: =VLOOKUP(I78,'Order 301-305 (เรียง)'!A:B,2,0) -> #N/A | AN78: =VLOOKUP(I78,'Order 301-305 (เรียง)'!A:C,3,0) -> #N/A
A79: 59000002 | B79: GOLD BLEND ALL CAFE' ขนาด 500 G. | C79: 0328 | D79: 601 | E79: GD goods issue:delvy | F79: 4915337130 | G79: M001 | H79: 190603-F/B | J79: 17:45:00 | K79: RAPEESAN01 | L79: 0001 | N79: 0000 | P79: 0000000000 | T79: 51003100 | X79: 2000124921 | Z79: BOX | AA79: -960 | AB79: -975628.8 | AC79: 46206 | AD79: 46206 | AF79: 46206 | AG79: -2880000 | AH79: =LEFT(I79,3) | AI79: =LEFT(A79,2) -> 59 | AJ79: =VLOOKUP(T79,'GL Name'!A:B,2,0) -> ต้นทุนขาย | AL79: =AB79/AA79 -> 1016.28 | AM79: =VLOOKUP(I79,'Order 301-305 (เรียง)'!A:B,2,0) -> #N/A | AN79: =VLOOKUP(I79,'Order 301-305 (เรียง)'!A:C,3,0) -> #N/A
A80: 59000002 | B80: GOLD BLEND ALL CAFE' ขนาด 500 G. | C80: 0328 | D80: 927 | E80: GI ค่าวิจัยและพัฒนา | F80: 4915347153 | G80: M001 | H80: 190603-F/B | J80: 22:34:12 | K80: RAPEESAN01 | L80: 0002 | N80: 0000 | P80: 0150926461 | R80: Retain 01.07.26.3 A010R002 | S80: 405053 | T80: 67501001 | Z80: BAG | AA80: -3 | AB80: -508.14 | AC80: 46206 | AD80: 46206 | AF80: 46206 | AG80: -1500 | AH80: =LEFT(I80,3) | AI80: =LEFT(A80,2) -> 59 | AJ80: =VLOOKUP(T80,'GL Name'!A:B,2,0) -> ค่าวิจัยคุณภาพสินค้า | AL80: =AB80/AA80 -> 169.38 | AM80: =VLOOKUP(I80,'Order 301-305 (เรียง)'!A:B,2,0) -> #N/A | AN80: =VLOOKUP(I80,'Order 301-305 (เรียง)'!A:C,3,0) -> #N/A
A81: 59000002 | B81: GOLD BLEND ALL CAFE' ขนาด 500 G. | C81: 0328 | D81: 927 | E81: GI ค่าวิจัยและพัฒนา | F81: 4915347153 | G81: M001 | H81: 190603-F/B | J81: 22:34:12 | K81: RAPEESAN01 | L81: 0001 | N81: 0000 | P81: 0150926461 | R81: Routine 01.07.26.3 A010R002 | S81: 405053 | T81: 67501001 | Z81: BAG | AA81: -3 | AB81: -508.14 | AC81: 46206 | AD81: 46206 | AF81: 46206 | AG81: -1500 | AH81: =LEFT(I81,3) | AI81: =LEFT(A81,2) -> 59 | AJ81: =VLOOKUP(T81,'GL Name'!A:B,2,0) -> ค่าวิจัยคุณภาพสินค้า | AL81: =AB81/AA81 -> 169.38 | AM81: =VLOOKUP(I81,'Order 301-305 (เรียง)'!A:B,2,0) -> #N/A | AN81: =VLOOKUP(I81,'Order 301-305 (เรียง)'!A:C,3,0) -> #N/A
A82: 54002340 | B82: สารกาแฟอาราบิก้า | C82: 0328 | D82: 261 | E82: GI for order | F82: 4915391372 | G82: P001 | H82: 260320-RPT | I82: 301000000206 | J82: 10:52:55 | K82: SUTEESEA | L82: 0001 | N82: 0000 | P82: 0150954942 | T82: 53002000 | Z82: KG | AA82: -14947.65 | AB82: -3944239.7 | AC82: 46207 | AD82: 46206 | AF82: 46207 | AG82: -14947650 | AH82: =LEFT(I82,3) -> 301 | AI82: =LEFT(A82,2) -> 54 | AJ82: =VLOOKUP(T82,'GL Name'!A:B,2,0) -> ต้นทุนผลิต-วัตถุดิบ | AL82: =AB82/AA82 -> 263.87022 | AM82: =VLOOKUP(I82,'Order 301-305 (เรียง)'!A:B,2,0) -> Semi | AN82: =VLOOKUP(I82,'Order 301-305 (เรียง)'!A:C,3,0) -> Semi เมล็ดกาแฟ
A83: 54002340 | B83: สารกาแฟอาราบิก้า | C83: 0328 | D83: 261 | E83: GI for order | F83: 4915391372 | G83: P001 | H83: 260226-BF | I83: 301000000206 | J83: 10:52:55 | K83: SUTEESEA | L83: 0002 | N83: 0000 | P83: 0000000000 | R83: สารกาแฟอาราบิก้า | T83: 53002000 | Z83: KG | AA83: -168.55 | AB83: -44475.33 | AC83: 46207 | AD83: 46206 | AF83: 46207 | AG83: -168550 | AH83: =LEFT(I83,3) -> 301 | AI83: =LEFT(A83,2) -> 54 | AJ83: =VLOOKUP(T83,'GL Name'!A:B,2,0) -> ต้นทุนผลิต-วัตถุดิบ | AL83: =AB83/AA83 -> 263.87025 | AM83: =VLOOKUP(I83,'Order 301-305 (เรียง)'!A:B,2,0) -> Semi | AN83: =VLOOKUP(I83,'Order 301-305 (เรียง)'!A:C,3,0) -> Semi เมล็ดกาแฟ
A84: 58000002 | B84: WIPF WICOVALVE W009 | C84: 0328 | D84: 301 | E84: TF trfr plnt to plnt | F84: 4915536471 | G84: P003 | H84: 20260511 | J84: 06:22:48 | K84: SUTTISIT02 | L84: 0006 | N84: 0000 | P84: 0000000000 | Z84: PC | AA84: 20000 | AB84: 0 | AC84: 46209 | AD84: 46209 | AF84: 46209 | AG84: 20000 | AH84: =LEFT(I84,3) | AI84: =LEFT(A84,2) -> 58 | AJ84: =VLOOKUP(T84,'GL Name'!A:B,2,0) -> #N/A | AL84: =AB84/AA84 -> 0 | AM84: =VLOOKUP(I84,'Order 301-305 (เรียง)'!A:B,2,0) -> #N/A | AN84: =VLOOKUP(I84,'Order 301-305 (เรียง)'!A:C,3,0) -> #N/A
A85: 58000002 | B85: WIPF WICOVALVE W009 | C85: 0328 | D85: 301 | E85: TF trfr plnt to plnt | F85: 4915536471 | G85: M003 | H85: 20260511 | J85: 06:22:48 | K85: SUTTISIT02 | L85: 0005 | N85: 0000 | P85: 0000000000 | Z85: PC | AA85: -20000 | AB85: 0 | AC85: 46209 | AD85: 46209 | AF85: 46209 | AG85: -20000 | AH85: =LEFT(I85,3) | AI85: =LEFT(A85,2) -> 58 | AJ85: =VLOOKUP(T85,'GL Name'!A:B,2,0) -> #N/A | AL85: =AB85/AA85 -> 0 | AM85: =VLOOKUP(I85,'Order 301-305 (เรียง)'!A:B,2,0) -> #N/A | AN85: =VLOOKUP(I85,'Order 301-305 (เรียง)'!A:C,3,0) -> #N/A
A86: 58000004 | B86: Film roll All cafe500g.420mm*900m | C86: 0328 | D86: 301 | E86: TF trfr plnt to plnt | F86: 4915536471 | G86: P003 | H86: 20260609 | J86: 06:22:48 | K86: SUTTISIT02 | L86: 0004 | N86: 0000 | P86: 0000000000 | Z86: PC | AA86: 12000 | AB86: 0 | AC86: 46209 | AD86: 46209 | AF86: 46209 | AG86: 12000 | AH86: =LEFT(I86,3) | AI86: =LEFT(A86,2) -> 58 | AJ86: =VLOOKUP(T86,'GL Name'!A:B,2,0) -> #N/A | AL86: =AB86/AA86 -> 0 | AM86: =VLOOKUP(I86,'Order 301-305 (เรียง)'!A:B,2,0) -> #N/A | AN86: =VLOOKUP(I86,'Order 301-305 (เรียง)'!A:C,3,0) -> #N/A
A87: 58000004 | B87: Film roll All cafe500g.420mm*900m | C87: 0328 | D87: 301 | E87: TF trfr plnt to plnt | F87: 4915536471 | G87: M003 | H87: 20260609 | J87: 06:22:48 | K87: SUTTISIT02 | L87: 0003 | N87: 0000 | P87: 0000000000 | Z87: PC | AA87: -12000 | AB87: 0 | AC87: 46209 | AD87: 46209 | AF87: 46209 | AG87: -12000 | AH87: =LEFT(I87,3) | AI87: =LEFT(A87,2) -> 58 | AJ87: =VLOOKUP(T87,'GL Name'!A:B,2,0) -> #N/A | AL87: =AB87/AA87 -> 0 | AM87: =VLOOKUP(I87,'Order 301-305 (เรียง)'!A:B,2,0) -> #N/A | AN87: =VLOOKUP(I87,'Order 301-305 (เรียง)'!A:C,3,0) -> #N/A
A88: 58000006 | B88: All Cafe ลังกระดาษ (287*240*177 mm.) | C88: 0328 | D88: 301 | E88: TF trfr plnt to plnt | F88: 4915536471 | G88: M003 | H88: 20260622 | J88: 06:22:48 | K88: SUTTISIT02 | L88: 0001 | N88: 0000 | P88: 0000000000 | Z88: PC | AA88: -2000 | AB88: 0 | AC88: 46209 | AD88: 46209 | AF88: 46209 | AG88: -2000 | AH88: =LEFT(I88,3) | AI88: =LEFT(A88,2) -> 58 | AJ88: =VLOOKUP(T88,'GL Name'!A:B,2,0) -> #N/A | AL88: =AB88/AA88 -> 0 | AM88: =VLOOKUP(I88,'Order 301-305 (เรียง)'!A:B,2,0) -> #N/A | AN88: =VLOOKUP(I88,'Order 301-305 (เรียง)'!A:C,3,0) -> #N/A
A89: 58000006 | B89: All Cafe ลังกระดาษ (287*240*177 mm.) | C89: 0328 | D89: 301 | E89: TF trfr plnt to plnt | F89: 4915536471 | G89: P003 | H89: 20260622 | J89: 06:22:48 | K89: SUTTISIT02 | L89: 0002 | N89: 0000 | P89: 0000000000 | Z89: PC | AA89: 2000 | AB89: 0 | AC89: 46209 | AD89: 46209 | AF89: 46209 | AG89: 2000 | AH89: =LEFT(I89,3) | AI89: =LEFT(A89,2) -> 58 | AJ89: =VLOOKUP(T89,'GL Name'!A:B,2,0) -> #N/A | AL89: =AB89/AA89 -> 0 | AM89: =VLOOKUP(I89,'Order 301-305 (เรียง)'!A:B,2,0) -> #N/A | AN89: =VLOOKUP(I89,'Order 301-305 (เรียง)'!A:C,3,0) -> #N/A
A90: 59000002 | B90: GOLD BLEND ALL CAFE' ขนาด 500 G. | C90: 0328 | D90: 927 | E90: GI ค่าวิจัยและพัฒนา | F90: 4915539506 | G90: M001 | H90: 190603-F/B | J90: 06:43:02 | K90: SUTTISIT02 | L90: 0001 | N90: 0000 | P90: 0150985051 | R90: Top-up 1.7.26.1 P.1,11,22 | S90: 405053 | T90: 67501001 | Z90: BAG | AA90: -3 | AB90: -508.14 | AC90: 46207 | AD90: 46207 | AF90: 46209 | AG90: -1500 | AH90: =LEFT(I90,3) | AI90: =LEFT(A90,2) -> 59 | AJ90: =VLOOKUP(T90,'GL Name'!A:B,2,0) -> ค่าวิจัยคุณภาพสินค้า | AL90: =AB90/AA90 -> 169.38 | AM90: =VLOOKUP(I90,'Order 301-305 (เรียง)'!A:B,2,0) -> #N/A | AN90: =VLOOKUP(I90,'Order 301-305 (เรียง)'!A:C,3,0) -> #N/A
A91: 59000002 | B91: GOLD BLEND ALL CAFE' ขนาด 500 G. | C91: 0328 | D91: 927 | E91: GI ค่าวิจัยและพัฒนา | F91: 4915539506 | G91: M001 | H91: 190603-F/B | J91: 06:43:02 | K91: SUTTISIT02 | L91: 0002 | N91: 0000 | P91: 0150985051 | R91: Top-up 1.7.26.1 P.16(Retain) | S91: 405053 | T91: 67501001 | Z91: BAG | AA91: -1 | AB91: -169.38 | AC91: 46207 | AD91: 46207 | AF91: 46209 | AG91: -500 | AH91: =LEFT(I91,3) | AI91: =LEFT(A91,2) -> 59 | AJ91: =VLOOKUP(T91,'GL Name'!A:B,2,0) -> ค่าวิจัยคุณภาพสินค้า | AL91: =AB91/AA91 -> 169.38 | AM91: =VLOOKUP(I91,'Order 301-305 (เรียง)'!A:B,2,0) -> #N/A | AN91: =VLOOKUP(I91,'Order 301-305 (เรียง)'!A:C,3,0) -> #N/A
A92: 59000002 | B92: GOLD BLEND ALL CAFE' ขนาด 500 G. | C92: 0328 | D92: 927 | E92: GI ค่าวิจัยและพัฒนา | F92: 4915539507 | G92: M001 | H92: 190603-F/B | J92: 06:45:42 | K92: SUTTISIT02 | L92: 0001 | N92: 0000 | P92: 0150985001 | R92: Top-up 30.6.26.1 P.1 | S92: 405053 | T92: 67501001 | Z92: BAG | AA92: -1 | AB92: -169.38 | AC92: 46207 | AD92: 46207 | AF92: 46209 | AG92: -500 | AH92: =LEFT(I92,3) | AI92: =LEFT(A92,2) -> 59 | AJ92: =VLOOKUP(T92,'GL Name'!A:B,2,0) -> ค่าวิจัยคุณภาพสินค้า | AL92: =AB92/AA92 -> 169.38 | AM92: =VLOOKUP(I92,'Order 301-305 (เรียง)'!A:B,2,0) -> #N/A | AN92: =VLOOKUP(I92,'Order 301-305 (เรียง)'!A:C,3,0) -> #N/A
A93: 59000002 | B93: GOLD BLEND ALL CAFE' ขนาด 500 G. | C93: 0328 | D93: 927 | E93: GI ค่าวิจัยและพัฒนา | F93: 4915539507 | G93: M001 | H93: 190603-F/B | J93: 06:45:42 | K93: SUTTISIT02 | L93: 0002 | N93: 0000 | P93: 0150985001 | R93: Top-up 30.6.26.1 P.1 (Retain) | S93: 405053 | T93: 67501001 | Z93: BAG | AA93: -1 | AB93: -169.38 | AC93: 46207 | AD93: 46207 | AF93: 46209 | AG93: -500 | AH93: =LEFT(I93,3) | AI93: =LEFT(A93,2) -> 59 | AJ93: =VLOOKUP(T93,'GL Name'!A:B,2,0) -> ค่าวิจัยคุณภาพสินค้า | AL93: =AB93/AA93 -> 169.38 | AM93: =VLOOKUP(I93,'Order 301-305 (เรียง)'!A:B,2,0) -> #N/A | AN93: =VLOOKUP(I93,'Order 301-305 (เรียง)'!A:C,3,0) -> #N/A
A94: 59000002 | B94: GOLD BLEND ALL CAFE' ขนาด 500 G. | C94: 0328 | D94: 927 | E94: GI ค่าวิจัยและพัฒนา | F94: 4915544932 | G94: M001 | H94: 190603-F/B | J94: 09:27:31 | K94: RAPEESAN01 | L94: 0001 | N94: 0000 | P94: 0150916719 | R94: เพื่อส่งให้ RD'QA 7-11 ตรวจสอบ | S94: 405053 | T94: 67501001 | Z94: BAG | AA94: -4 | AB94: -677.52 | AC94: 46209 | AD94: 46209 | AF94: 46209 | AG94: -2000 | AH94: =LEFT(I94,3) | AI94: =LEFT(A94,2) -> 59 | AJ94: =VLOOKUP(T94,'GL Name'!A:B,2,0) -> ค่าวิจัยคุณภาพสินค้า | AL94: =AB94/AA94 -> 169.38 | AM94: =VLOOKUP(I94,'Order 301-305 (เรียง)'!A:B,2,0) -> #N/A | AN94: =VLOOKUP(I94,'Order 301-305 (เรียง)'!A:C,3,0) -> #N/A
A95: 54002340 | B95: สารกาแฟอาราบิก้า | C95: 0328 | D95: 927 | E95: GI ค่าวิจัยและพัฒนา | F95: 4915545415 | G95: P001 | H95: 260320-RPT | J95: 09:38:02 | K95: SUTEESEA | L95: 0002 | N95: 0000 | P95: 0150926736 | R95: A.CPBF 25.03.26 CL 16:00 Silo 1 | S95: 405053 | T95: 67501001 | Z95: G | AA95: -500 | AB95: -131.94 | AC95: 46206 | AD95: 46206 | AF95: 46209 | AG95: -500 | AH95: =LEFT(I95,3) | AI95: =LEFT(A95,2) -> 54 | AJ95: =VLOOKUP(T95,'GL Name'!A:B,2,0) -> ค่าวิจัยคุณภาพสินค้า | AL95: =AB95/AA95 -> 0.26388 | AM95: =VLOOKUP(I95,'Order 301-305 (เรียง)'!A:B,2,0) -> #N/A | AN95: =VLOOKUP(I95,'Order 301-305 (เรียง)'!A:C,3,0) -> #N/A
A96: 54002340 | B96: สารกาแฟอาราบิก้า | C96: 0328 | D96: 927 | E96: GI ค่าวิจัยและพัฒนา | F96: 4915545415 | G96: P001 | H96: 260320-RPT | J96: 09:38:02 | K96: SUTEESEA | L96: 0001 | N96: 0000 | P96: 0150926736 | R96: A.RPT 20.03.26 CL 13:30 Silo 3 | S96: 405053 | T96: 67501001 | Z96: G | AA96: -500 | AB96: -131.94 | AC96: 46206 | AD96: 46206 | AF96: 46209 | AG96: -500 | AH96: =LEFT(I96,3) | AI96: =LEFT(A96,2) -> 54 | AJ96: =VLOOKUP(T96,'GL Name'!A:B,2,0) -> ค่าวิจัยคุณภาพสินค้า | AL96: =AB96/AA96 -> 0.26388 | AM96: =VLOOKUP(I96,'Order 301-305 (เรียง)'!A:B,2,0) -> #N/A | AN96: =VLOOKUP(I96,'Order 301-305 (เรียง)'!A:C,3,0) -> #N/A
A97: 54002340 | B97: สารกาแฟอาราบิก้า | C97: 0328 | D97: 927 | E97: GI ค่าวิจัยและพัฒนา | F97: 4915545494 | G97: P001 | H97: 260320-RPT | J97: 09:40:08 | K97: SUTEESEA | L97: 0001 | N97: 0000 | P97: 0150984885 | R97: A.CPBF 25.3.26 CL13:45 Silo1 | S97: 405053 | T97: 67501001 | Z97: G | AA97: -500 | AB97: -131.94 | AC97: 110489 | AD97: 46207 | AF97: 46209 | AG97: -500 | AH97: =LEFT(I97,3) | AI97: =LEFT(A97,2) -> 54 | AJ97: =VLOOKUP(T97,'GL Name'!A:B,2,0) -> ค่าวิจัยคุณภาพสินค้า | AL97: =AB97/AA97 -> 0.26388 | AM97: =VLOOKUP(I97,'Order 301-305 (เรียง)'!A:B,2,0) -> #N/A | AN97: =VLOOKUP(I97,'Order 301-305 (เรียง)'!A:C,3,0) -> #N/A
A98: 54002340 | B98: สารกาแฟอาราบิก้า | C98: 0328 | D98: 927 | E98: GI ค่าวิจัยและพัฒนา | F98: 4915546208 | G98: P001 | H98: 260320-RPT | J98: 09:51:30 | K98: SUTEESEA | L98: 0001 | N98: 0000 | P98: 0150838057 | R98: A.RPT 20.03.2026 CL 13:30 Silo 3 | S98: 405053 | T98: 67501001 | Z98: G | AA98: -500 | AB98: -131.94 | AC98: 46204 | AD98: 46204 | AF98: 46209 | AG98: -500 | AH98: =LEFT(I98,3) | AI98: =LEFT(A98,2) -> 54 | AJ98: =VLOOKUP(T98,'GL Name'!A:B,2,0) -> ค่าวิจัยคุณภาพสินค้า | AL98: =AB98/AA98 -> 0.26388 | AM98: =VLOOKUP(I98,'Order 301-305 (เรียง)'!A:B,2,0) -> #N/A | AN98: =VLOOKUP(I98,'Order 301-305 (เรียง)'!A:C,3,0) -> #N/A
A99: 54002341 | B99: สารกาแฟโรบัสต้า | C99: 0328 | D99: 927 | E99: GI ค่าวิจัยและพัฒนา | F99: 4915546208 | G99: P001 | H99: 260616-BBB | J99: 09:51:30 | K99: SUTEESEA | L99: 0002 | N99: 0000 | P99: 0150838057 | R99: R.BBB 16.05.26 CL 16:40 Silo 6 | S99: 405053 | T99: 67501001 | Z99: G | AA99: -500 | AB99: -77.9 | AC99: 46204 | AD99: 46204 | AF99: 46209 | AG99: -500 | AH99: =LEFT(I99,3) | AI99: =LEFT(A99,2) -> 54 | AJ99: =VLOOKUP(T99,'GL Name'!A:B,2,0) -> ค่าวิจัยคุณภาพสินค้า | AL99: =AB99/AA99 -> 0.1558 | AM99: =VLOOKUP(I99,'Order 301-305 (เรียง)'!A:B,2,0) -> #N/A | AN99: =VLOOKUP(I99,'Order 301-305 (เรียง)'!A:C,3,0) -> #N/A
A100: 59000001 | B100: เมล็ดกาแฟ CPR Coffee Bean MF. 500 G. | C100: 0328 | D100: 601 | E100: GD goods issue:delvy | F100: 4915549544 | G100: P004 | H100: 090426-T/B | J100: 11:03:18 | K100: CHONMPRA | L100: 0001 | N100: 0000 | P100: 0000000000 | T100: 51003100 | X100: 2000124974 | Z100: BAG | AA100: -30 | AB100: -5080.8 | AC100: 46209 | AD100: 46209 | AF100: 46209 | AG100: -15000 | AH100: =LEFT(I100,3) | AI100: =LEFT(A100,2) -> 59 | AJ100: =VLOOKUP(T100,'GL Name'!A:B,2,0) -> ต้นทุนขาย | AL100: =AB100/AA100 -> 169.36 | AM100: =VLOOKUP(I100,'Order 301-305 (เรียง)'!A:B,2,0) -> #N/A | AN100: =VLOOKUP(I100,'Order 301-305 (เรียง)'!A:C,3,0) -> #N/A
...

Sheet GL Name
A1: 51003100 | B1: ต้นทุนขาย | C1: 328
A2: 53001001 | B2: ต้นทุนผลิตโอน F/G | C2: 328
A3: 53001003 | B3: ต้นทุนผลิตกึ่งสำเร็จ | C3: 328
A4: 53001004 | B4: ต้นทุนผลิตโอน Semi | C4: 328
A5: 53002000 | B5: ต้นทุนผลิต-วัตถุดิบ | C5: 328
A6: 53003000 | B6: ต้นทุนผลิตหีบห่อ | C6: 328
A7: 67501001 | B7: ค่าวิจัยคุณภาพสินค้า | C7: 328
A8: 67601000 | B8: ค่าเชื้อเพลิง | C8: 328
A9: 53001000 | B9: ต้นทุนผลิต-สินค้าสำเร็จรูป | C9: 328
A10: 65109000 | B10: ส่งเสริมฯ อื่น | C10: 328
A11: 53001006 | B11: ต้นทุนผลิต-สินค้าสำเร็จรูป (V2) | C11: 321
A12: 66001000 | B12: วัสดุสิ้นเปลือง | C12: 321
... A14: 51004001 | B14: สินค้าขาด(เกิน)บัญชี | C14: 328

Sheet 301
A1: Group order | B1: 301 | C1: ห้อง Preclean | Q1: Size ต่ำกว่า S&M เกรด B จะเป็นปริมาณ สารกาแฟที่ดี
A3: Row Labels | B3: Material | C3: Material description | D3: EUn | E3: Sum of Quantity in UnE | F3: Sum of Amt.in Loc.Cur. | G3: Semi | H3: สัดส่วน | I3: ราคา/Kg. | J3: % | K3: ปันใหม่ตาม STD | L3: ราคาหลังปัน | M3: Settlement Rule | N3: % Yeild | O3: % Loss | P3: สถานะ | Q3: Por Ver | V3: Q : KG
A4: 301000000204 | B4: 54002340 | C4: สารกาแฟอาราบิก้า | D4: KG | E4: -10030.5 | F4: -2646750.2 | G4: =E5+E6 -> 10025 | H4: =E4/$E$4 -> 1 | I4: =F4/E4 -> 263.87022 | Q4: 101 | S4: 54002340 | T4: สารกาแฟอาราบิก้า | V4: =SUMIF(B:B,S4,E:E) -> -211394.1
B5: 57000001 | C5: เมล็ดกาแฟ Clean Arabica Size L | D5: KG | E5: 9853.2 | F5: 2658294.8 | H5: =E5/$E$4 -> -0.98232391 | I5: =F5/E5 -> 269.79 | J5: 80 | K5: =-F4*J5/J7 -> 2551084.6 | L5: =K5/E5 -> 258.90924 | M5: =ROUND(H5,2) -> -0.98 | S5: 57000000 | T5: เมล็ดกาแฟ Clean Arabica Size S&M | V5: =SUMIF(B:B,S5,E:E) -> 0
B6: 57000002 | C6: เมล็ดกาแฟ Clean Arabica B | D6: KG | E6: 171.8 | F6: 46349.92 | H6: =E6/$E$4 -> -0.01712776 | I6: =F6/E6 -> 269.78999 | J6: 3 | K6: =-F4*J6/J7 -> 95665.671 | L6: =K6/E6 -> 556.84325 | M6: =ROUND(H6,2) -> -0.02 | S6: 57000001 | T6: เมล็ดกาแฟ Clean Arabica Size L | V6: =SUMIF(B:B,S6,E:E) -> 208695.08
A7: 301000000204 Sum | E7: -5.5 | F7: 57894.52 | H7: =E7/$E$4 -> 0.0005483276 | J7: =SUM(J5:J6) -> 83 | K7: =SUM(K5:K6) -> 2646750.2 | M7: =SUM(M5:M6) -> -1 | N7: =SUM(H5:H6) -> -0.99945167 | O7: =-100%-N7 -> -0.0005483276 | P7: Adj Settlement Rule Done | S7: 57000002 | T7: เมล็ดกาแฟ Clean Arabica Size ต่ำกว่า S&M | V7: =SUMIF(B:B,S7,E:E) -> 2111 | W7: =SUM(V4:V7) -> -588.02
A8: 301000000205 | B8: 54002341 | C8: สารกาแฟโรบัสต้า | D8: KG | E8: -10045.8 | F8: -1565128.3 | G8: =+E9+E10 -> 10030.2 | H8: =E8/$E$8 -> 1 | I8: =F8/E8 -> 155.79927 | Q8: 101
B9: 57000003 | C9: เมล็ดกาแฟ Clean Robusta Size mix | D9: KG | E9: 9891 | F9: 1588692.4 | H9: =E9/$E$8 -> -0.98459058 | I9: =F9/E9 -> 160.62 | J9: 95 | K9: =-F8*J9/J11 -> 1517216.2 | L9: =K9/E9 -> 153.39361 | M9: =ROUND(H9,2) -> -0.98 | S9: 54002341 | T9: สารกาแฟโรบัสต้า | V9: =SUMIF(B:B,S9,E:E) -> -58005.2
B10: 57000004 | C10: เมล็ดกาแฟ Clean Robusta B | D10: KG | E10: 139.2 | F10: 22358.3 | H10: =E10/$E$8 -> -0.013856537 | I10: =F10/E10 -> 160.61997 | J10: 3 | K10: =-F8*J10/J11 -> 47912.091 | L10: =K10/E10 -> 344.19606 | M10: =ROUND(H10,2) -> -0.01 | S10: 57000003 | T10: เมล็ดกาแฟ Clean Robusta Size mix | V10: =SUMIF(B:B,S10,E:E) -> 57440.92
A11: 301000000205 Sum | E11: -15.6 | F11: 45922.41 | H11: =E11/$E$8 -> 0.0015528878 | J11: =SUM(J9:J10) -> 98 | K11: =SUM(K9:K10) -> 1565128.3 | M11: =SUM(M9:M10) -> -0.99 | N11: =SUM(H9:H10) -> -0.99844711 | O11: =-100%-N11 -> -0.0015528878 | P11: Adj Settlement Rule Done | S11: 57000004 | T11: เมล็ดกาแฟ Clean Robusta Size ต่ำกว่า S&M | V11: =SUMIF(B:B,S11,E:E) -> 399.3 | W11: =SUM(V9:V11) -> -164.98
A12: 301000000206 | B12: 54002340 | C12: สารกาแฟอาราบิก้า | D12: KG | E12: -15116.2 | F12: -3988715 | G12: =+E13+E14 -> 15042.12 | H12: =E12/$E$12 -> 1 | I12: =F12/E12 -> 263.87022 | Q12: 101
B13: 57000001 | C13: เมล็ดกาแฟ Clean Arabica Size L | D13: KG | E13: 14667.22 | F13: 3957069.3 | H13: =E13/$E$12 -> -0.97029809 | I13: =F13/E13 -> 269.79 | J13: 80 | K13: =-F12*J13/J15 -> 3844544.6 | L13: =K13/E13 -> 262.11815 | M13: =ROUND(H13,2) -> -0.97
B14: 57000002 | C14: เมล็ดกาแฟ Clean Arabica B | D14: KG | E14: 374.9 | F14: 101144.27 | H14: =E14/$E$12 -> -0.024801207 | I14: =F14/E14 -> 269.79 | J14: 3 | K14: =-F12*J14/J15 -> 144170.42 | L14: =K14/E14 -> 384.55701 | M14: =ROUND(H14,2) -> -0.02
A15: 301000000206 Sum | E15: -74.08 | F15: 69498.54 | H15: =E15/$E$12 -> 0.0049007026 | J15: =SUM(J13:J14) -> 83 | K15: =SUM(K13:K13) -> 3844544.6 | M15: =SUM(M13:M14) -> -0.99 | N15: =SUM(H13:H14) -> -0.9950993 | O15: =-100%-N15 -> -0.0049007026 | P15: Adj Settlement Rule Done | S15: คำถาม
A16: 301000000207 | B16: 54002340 | C16: สารกาแฟอาราบิก้า | D16: KG | E16: -14936.9 | F16: -3941403.1 | G16: =+E17 -> 14889.54 | H16: =E16/$E$16 -> 1 | I16: =F16/E16 -> 263.87022 | Q16: 101 | S16: 1. แต่ละ Batch การ Preclean จะใส่สารประมาณเท่าไหร่
B17: 57000001 | C17: เมล็ดกาแฟ Clean Arabica Size L | D17: KG | E17: 14889.54 | F17: 4017049 | H17: =E17/$E$16 -> -0.99682933 | I17: =F17/E17 -> 269.79 | J17: 80 | K17: =-F16*J17/J18 -> 3941403.1 | L17: =K17/E17 -> 264.70953 | M17: =ROUND(H17,2) -> -1 | S17: 2. แต่ละไซด์ที่รับคือตามจริงทั้งหมดหรือไม่
A18: 301000000207 Sum | E18: -47.36 | F18: 75645.92 | H18: =E18/$E$16 -> 0.0031706713 | J18: =SUM(J17) -> 80 | K18: =SUM(K17:K17) -> 3941403.1 | M18: =SUM(M17) -> -1 | N18: =SUM(H17:H17) -> -0.99682933 | O18: =-100%-N18 -> -0.0031706713 | P18: Adj Settlement Rule Done
A19: 301000000208 | B19: 54002340 | C19: สารกาแฟอาราบิก้า | D19: KG | E19: -4012.2 | F19: -1058854.2 | G19: =+E20+E21 -> 3959.2 | H19: =E19/$E$19 -> 1 | I19: =F19/E19 -> 263.90864 | Q19: 101
B20: 57000001 | C20: เมล็ดกาแฟ Clean Arabica Size L | D20: KG | E20: 3861 | F20: 1041556.1 | H20: =E20/$E$19 -> -0.96231494 | I20: =F20/E20 -> 269.76329 | J20: 80 | K20: =-F19*J20/J22 -> 1020582.4 | L20: =K20/E20 -> 264.3311 | M20: =ROUND(H20,2) -> -0.96
B21: 57000002 | C21: เมล็ดกาแฟ Clean Arabica B | D21: KG | E21: 98.2 | F21: 26595.51 | H21: =E21/$E$19 -> -0.02447535 | I21: =F21/E21 -> 270.83004 | J21: 3 | K21: =-F19*J21/J22 -> 38271.84 | L21: =K21/E21 -> 389.7336 | M21: =ROUND(H21,2) -> -0.02
A22: 301000000208 Sum | E22: -53 | F22: 9297.36 | H22: =E22/$E$19 -> 0.01320971 | J22: =SUM(J20:J21) -> 83 | K22: =SUM(K20:K20) -> 1020582.4 | M22: =SUM(M20:M21) -> -0.98 | N22: =SUM(H20:H21) -> -0.98679029 | O22: =-100%-N22 -> -0.01320971 | P22: Adj Settlement Rule Done
A23: 301000000212 | B23: 54002341 | C23: สารกาแฟโรบัสต้า | D23: KG | E23: -9988.2 | F23: -1556154.3 | G23: =+E24+E25 -> 9923.72 | H23: =E23/$E$23 -> 1 | I23: =F23/E23 -> 155.79927 | Q23: 101
B24: 57000003 | C24: เมล็ดกาแฟ Clean Robusta Size mix | D24: KG | E24: 9776.02 | F24: 1570224.3 | H24: =E24/$E$23 -> -0.97875693 | I24: =F24/E24 -> 160.62 | J24: 95 | K24: =-F23*J24/J26 -> 1508516.9 | L24: =K24/E24 -> 154.30788 | M24: =ROUND(H24,2) -> -0.98
B25: 57000004 | C25: เมล็ดกาแฟ Clean Robusta B | D25: KG | E25: 147.7 | F25: 23723.57 | H25: =E25/$E$23 -> -0.014787449 | I25: =F25/E25 -> 160.61997 | J25: 3 | K25: =-F23*J25/J26 -> 47637.376 | L25: =K25/E25 -> 322.52793 | M25: =ROUND(H25,2) -> -0.01
A26: 301000000212 Sum | E26: -64.48 | F26: 37793.63 | H26: =E26/$E$23 -> 0.0064556176 | J26: =SUM(J24:J25) -> 98 | K26: =SUM(K24:K25) -> 1556154.3 | M26: =SUM(M24:M25) -> -0.99 | N26: =SUM(H24:H25) -> -0.99354438 | O26: =-100%-N26 -> -0.0064556176 | P26: Adj Settlement Rule Done
A27: 301000000213 | B27: 54002340 | C27: สารกาแฟอาราบิก้า | D27: KG | E27: -15059.5 | F27: -3973753.6 | G27: =+E28+E29 -> 15030.94 | H27: =E27/$E$27 -> 1 | I27: =F27/E27 -> 263.87022 | Q27: 101
B28: 57000001 | C28: เมล็ดกาแฟ Clean Arabica Size L | D28: KG | E28: 14863.74 | F28: 4025695.3 | H28: =E28/$E$27 -> -0.9870009 | I28: =F28/E28 -> 270.84 | J28: 80 | K28: =-F27*J28/J30 -> 3830123.9 | L28: =K28/E28 -> 257.68238 | M28: =ROUND(H28,2) -> -0.99
B29: 57000002 | C29: เมล็ดกาแฟ Clean Arabica B | D29: KG | E29: 167.2 | F29: 45282.78 | H29: =E29/$E$27 -> -0.011102626 | I29: =F29/E29 -> 270.83002 | J29: 3 | K29: =-F27*J29/J30 -> 143629.65 | L29: =K29/E29 -> 859.02899 | M29: =ROUND(H29,2) -> -0.01
A30: 301000000213 Sum | E30: -28.56 | F30: 97224.55 | H30: =E30/$E$27 -> 0.0018964773 | J30: =SUM(J28:J29) -> 83 | K30: =SUM(K28:K29) -> 3973753.6 | M30: =SUM(M28) -> -0.99 | N30: =SUM(H28:H29) -> -0.99810352 | O30: =-100%-N30 -> -0.0018964773 | P30: Adj Settlement Rule Done
A31: 301000000214 | B31: 54002340 | C31: สารกาแฟอาราบิก้า | D31: KG | E31: -13021.2 | F31: -3436411.9 | G31: =+E32 -> 13008.94 | H31: =E31/$E$31 -> 1 | I31: =F31/E31 -> 263.909 | Q31: 101
B32: 57000001 | C32: เมล็ดกาแฟ Clean Arabica Size L | D32: KG | E32: 13008.94 | F32: 3523341.3 | H32: =E32/$E$31 -> -0.99905846 | I32: =F32/E32 -> 270.84 | J32: 80 | K32: =-F31*J32/J33 -> 3436411.9 | L32: =K32/E32 -> 264.15772 | M32: =ROUND(H32,2) -> -1
A33: 301000000214 Sum | E33: -12.26 | F33: 86929.38 | H33: =E33/$E$31 -> 0.00094154149 | J33: =SUM(J32) -> 80 | K33: =SUM(K32:K32) -> 3436411.9 | M33: =SUM(M32) -> -1 | N33: =SUM(H32:H32) -> -0.99905846 | O33: =-100%-N33 -> -0.00094154149 | P33: Adj Settlement Rule Done
A34: 301000000215 | B34: 54002340 | C34: สารกาแฟอาราบิก้า | D34: KG | E34: -5017.3 | F34: -1324110.6 | G34: =E35+E36 -> 4977.72 | H34: =E34/$E$34 -> 1 | I34: =F34/E34 -> 263.909 | Q34: 101
B35: 57000001 | C35: เมล็ดกาแฟ Clean Arabica Size L | D35: KG | E35: 4806 | F35: 1301657 | H35: =E35/$E$34 -> -0.95788572 | I35: =F35/E35 -> 270.84 | J35: 80 | K35: =-F34*J35/J37 -> 1276251.2 | L35: =K35/E35 -> 265.55373 | M35: =ROUND(H35,2) -> -0.96
B36: 57000002 | C36: เมล็ดกาแฟ Clean Arabica B | D36: KG | E36: 171.72 | F36: 46506.93 | H36: =E36/$E$34 -> -0.034225579 | I36: =F36/E36 -> 270.83001 | J36: 3 | K36: =-F34*J36/J37 -> 47859.421 | L36: =K36/E36 -> 278.70616 | M36: =ROUND(H36,2) -> -0.03
A37: 301000000215 Sum | E37: -39.58 | F37: 24053.32 | H37: =E37/$E$34 -> 0.0078887051 | J37: =SUM(J35:J36) -> 83 | K37: =SUM(K35:K36) -> 1324110.7 | M37: =SUM(M35:M36) -> -0.99 | N37: =SUM(H35:H36) -> -0.99211129 | O37: =-100%-N37 -> -0.0078887051 | P37: Adj Settlement Rule Done
A38: 301000000216 | B38: 54002340 | C38: สารกาแฟอาราบิก้า | D38: KG | E38: -3069.7 | F38: -810121.47 | G38: =E39+E40 -> 3051.06 | H38: =E38/$E$38 -> 1 | I38: =F38/E38 -> 263.909 | Q38: 101
B39: 57000001 | C39: เมล็ดกาแฟ Clean Arabica Size L | D39: KG | E39: 3015.18 | F39: 816631.35 | H39: =E39/$E$38 -> -0.98223931 | I39: =F39/E39 -> 270.84 | J39: 80 | K39: =-F38*J39/J41 -> 780839.97 | L39: =K39/E39 -> 258.9696 | M39: =ROUND(H39,2) -> -0.98
B40: 57000002 | C40: เมล็ดกาแฟ Clean Arabica B | D40: KG | E40: 35.88 | F40: 9717.38 | H40: =E40/$E$38 -> -0.011688439 | I40: =F40/E40 -> 270.82999 | J40: 3 | K40: =-F38*J40/J41 -> 29281.499 | L40: =K40/E40 -> 816.09529 | M40: =ROUND(H40,2) -> -0.01
A41: 301000000216 Sum | E41: -18.64 | F41: 16227.26 | H41: =E41/$E$38 -> 0.0060722546 | J41: =SUM(J39:J40) -> 83 | K41: =SUM(K39:K40) -> 810121.47 | M41: =SUM(M39:M40) -> -0.99 | N41: =SUM(H39:H40) -> -0.99392775 | O41: =-100%-N41 -> -0.0060722546 | P41: Adj Settlement Rule Done
A42: 301000000217 | B42: 54002341 | C42: สารกาแฟโรบัสต้า | D42: KG | E42: -8983.3 | F42: -1399591.6 | G42: =+E43+E44 -> 8946.3 | H42: =E42/$E$42 -> 1 | I42: =F42/E42 -> 155.79927 | Q42: 101
B43: 57000003 | C43: เมล็ดกาแฟ Clean Robusta Size mix | D43: KG | E43: 8833.9 | F43: 1412805.6 | H43: =E43/$E$42 -> -0.98336914 | I43: =F43/E43 -> 159.93 | J43: 95 | K43: =-F42*J43/J45 -> 1356746.9 | L43: =K43/E43 -> 153.58414 | M43: =ROUND(H43,2) -> -0.98
B44: 57000004 | C44: เมล็ดกาแฟ Clean Robusta B | D44: KG | E44: 112.4 | F44: 17976.13 | H44: =E44/$E$42 -> -0.012512106 | I44: =F44/E44 -> 159.92998 | J44: 3 | K44: =-F42*J44/J45 -> 42844.64 | L44: =K44/E44 -> 381.18007 | M44: =ROUND(H44,2) -> -0.01
A45: 301000000217 Sum | E45: -37 | F45: 31190.18 | H45: =E45/$E$42 -> 0.0041187537 | J45: =SUM(J43:J44) -> 98 | K45: =SUM(K43:K43) -> 1356746.9 | M45: =SUM(M43:M44) -> -0.99 | N45: =SUM(H43:H44) -> -0.99588125 | O45: =-100%-N45 -> -0.0041187537 | P45: Adj Settlement Rule Done
A46: 301000000218 | B46: 54002340 | C46: สารกาแฟอาราบิก้า | D46: KG | E46: -14041 | F46: -3705541.2 | G46: =+E47+E48 -> 13973.64 | H46: =E46/$E$46 -> 1 | I46: =F46/E46 -> 263.90864 | Q46: 101
B47: 57000001 | C47: เมล็ดกาแฟ Clean Arabica Size L | D47: KG | E47: 13588.54 | F47: 3680320.2 | H47: =E47/$E$46 -> -0.9677758 | I47: =F47/E47 -> 270.84 | J47: 80 | K47: =-F46*J47/J49 -> 3571605.9 | L47: =K47/E47 -> 262.83957 | M47: =ROUND(H47,2) -> -0.97
B48: 57000002 | C48: เมล็ดกาแฟ Clean Arabica B | D48: KG | E48: 385.1 | F48: 104296.63 | H48: =E48/$E$46 -> -0.027426821 | I48: =F48/E48 -> 270.82999 | J48: 3 | K48: =-F46*J48/J49 -> 133935.22 | L48: =K48/E48 -> 347.79336 | M48: =ROUND(H48,2) -> -0.03
A49: 301000000218 Sum | E49: -67.36 | F49: 79075.63 | H49: =E49/$E$46 -> 0.0047973791 | J49: =SUM(J47:J48) -> 83 | K49: =SUM(K47:K48) -> 3705541.2 | M49: =SUM(M47:M48) -> -1 | N49: =SUM(H47:H48) -> -0.99520262 | O49: =-100%-N49 -> -0.0047973791 | P49: Adj Settlement Rule Done
A50: 301000000219 | B50: 54002340 | C50: สารกาแฟอาราบิก้า | D50: KG | E50: -15064.9 | F50: -3975757.2 | G50: =+E51 -> 15026 | H50: =E50/$E$50 -> 1 | I50: =F50/E50 -> 263.90864 | Q50: 101
B51: 57000001 | C51: เมล็ดกาแฟ Clean Arabica Size L | D51: KG | E51: 15026 | F51: 4069641.8 | H51: =E51/$E$50 -> -0.99741784 | I51: =F51/E51 -> 270.84 | J51: 80 | K51: =-F50*J51/J52 -> 3975757.2 | L51: =K51/E51 -> 264.59186 | M51: =ROUND(H51,2) -> -1
A52: 301000000219 Sum | E52: -38.9 | F52: 93884.61 | H52: =E52/$E$50 -> 0.0025821612 | J52: =SUM(J51:J51) -> 80 | K52: =SUM(K51:K51) -> 3975757.2 | M52: =SUM(M51:M51) -> -1 | N52: =SUM(H51:H51) -> -0.99741784 | O52: =-100%-N52 -> -0.0025821612 | P52: Adj Settlement Rule Done
A53: 301000000220 | B53: 54002340 | C53: สารกาแฟอาราบิก้า | D53: KG | E53: -7017.2 | F53: -1851899.7 | G53: =+E54 -> 6966.9 | H53: =E53/$E$53 -> 1 | I53: =F53/E53 -> 263.90864 | Q53: 101
B54: 57000001 | C54: เมล็ดกาแฟ Clean Arabica Size L | D54: KG | E54: 6966.9 | F54: 1886915.2 | H54: =E54/$E$53 -> -0.9928319 | I54: =F54/E54 -> 270.84 | J54: 80 | K54: =-F53*J54/J55 -> 1851899.7 | L54: =K54/E54 -> 265.81402 | M54: =ROUND(H54,2) -> -0.99
A55: 301000000220 Sum | E55: -50.3 | F55: 35015.51 | H55: =E55/$E$53 -> 0.0071681012 | J55: =SUM(J54:J54) -> 80 | K55: =SUM(K54:K54) -> 1851899.7 | M55: =SUM(M54:M54) -> -0.99 | N55: =SUM(H54:H54) -> -0.9928319 | O55: =-100%-N55 -> -0.0071681012 | P55: Adj Settlement Rule Done
A56: 301000000221 | B56: 54002341 | C56: สารกาแฟโรบัสต้า | D56: KG | E56: -8981.2 | F56: -1399264.4 | G56: =+E57 -> 8966 | H56: =E56/$E$56 -> 1 | I56: =F56/E56 -> 155.79927 | Q56: 101
B57: 57000003 | C57: เมล็ดกาแฟ Clean Robusta Size mix | D57: KG | E57: 8966 | F57: 1433932.4 | H57: =E57/$E$56 -> -0.99830758 | I57: =F57/E57 -> 159.93 | J57: 95 | K57: =-F56*J57/J58 -> 1399264.4 | L57: =K57/E57 -> 156.0634 | M57: =ROUND(H57,2) -> -1
A58: 301000000221 Sum | E58: -15.2 | F58: 34667.98 | H58: =E58/$E$56 -> 0.0016924242 | J58: =SUM(J57) -> 95 | K58: =SUM(K57:K57) -> 1399264.4 | M58: =SUM(M57) -> -1 | N58: =SUM(H57:H57) -> -0.99830758 | O58: =-100%-N58 -> -0.0016924242 | P58: Adj Settlement Rule Done
A59: 301000000222 | B59: 54002340 | C59: สารกาแฟอาราบิก้า | D59: KG | E59: -6972 | F59: -1843566.9 | G59: =+E60 -> 6938.16 | H59: =E59/$E$59 -> 1 | I59: =F59/E59 -> 264.42439 | Q59: 101
B60: 57000001 | C60: เมล็ดกาแฟ Clean Arabica Size L | D60: KG | E60: 6938.16 | F60: 1879131.2 | H60: =E60/$E$59 -> -0.9951463 | I60: =F60/E60 -> 270.84 | J60: 80 | K60: =-F59*J60/J61 -> 1843566.9 | L60: =K60/E60 -> 265.71409 | M60: =ROUND(H60,2) -> -1
A61: 301000000222 Sum | E61: -33.84 | F61: 35564.38 | H61: =E61/$E$59 -> 0.0048537005 | J61: =SUM(J60:J60) -> 80 | K61: =SUM(K60:K60) -> 1843566.9 | M61: =SUM(M60:M60) -> -1 | N61: =SUM(H60:H60) -> -0.9951463 | O61: =-100%-N61 -> -0.0048537005 | P61: Adj Settlement Rule Done
A62: 301000000223 | B62: 54002340 | C62: สารกาแฟอาราบิก้า | D62: KG | E62: -29996 | F62: -7931674.1 | G62: =+E63 -> 29987 | H62: =E62/$E$62 -> 1 | I62: =F62/E62 -> 264.42439 | Q62: 101
B63: 57000001 | C63: เมล็ดกาแฟ Clean Arabica Size L | D63: KG | E63: 29987 | F63: 8121679.1 | H63: =E63/$E$62 -> -0.99969996 | I63: =F63/E63 -> 270.84 | J63: 80 | K63: =-F62*J63/J64 -> 7931674.1 | L63: =K63/E63 -> 264.50376 | M63: =ROUND(H63,2) -> -1
A64: 301000000223 Sum | E64: -9 | F64: 190004.97 | H64: =E64/$E$62 -> 0.00030004001 | J64: =SUM(J63:J63) -> 80 | K64: =SUM(K63:K63) -> 7931674.1 | M64: =SUM(M63:M63) -> -1 | N64: =SUM(H63:H63) -> -0.99969996 | O64: =-100%-N64 -> -0.00030004001 | P64: Adj Settlement Rule Done
A65: 301000000224 | B65: 54002341 | C65: สารกาแฟโรบัสต้า | D65: KG | E65: -9981.3 | F65: -1548504.1 | G65: =+E66 -> 9966 | H65: =E65/$E$65 -> 1 | I65: =F65/E65 -> 155.14052 | Q65: 101
B66: 57000003 | C66: เมล็ดกาแฟ Clean Robusta Size mix | D66: KG | E66: 9966 | F66: 1593862.4 | H66: =E66/$E$65 -> -0.99846713 | I66: =F66/E66 -> 159.93 | J66: 95 | K66: =-F65*J66/J67 -> 1548504.1 | L66: =K66/E65 -> -155.14052 | M66: =ROUND(H66,2) -> -1
A67: 301000000224 Sum | E67: -15.3 | F67: 45358.33 | H67: =E67/$E$65 -> 0.0015328665 | J67: =SUM(J66) -> 95 | K67: =SUM(K66:K66) -> 1548504.1 | M67: =SUM(M66:M66) -> -1 | N67: =SUM(H66:H66) -> -0.99846713 | O67: =-100%-N67 -> -0.0015328665 | P67: Adj Settlement Rule Done
A68: 301000000225 | B68: 54002340 | C68: สารกาแฟอาราบิก้า | D68: KG | E68: -40057.6 | F68: -10592207 | G68: =+E69+E70 -> 40030.88 | H68: =E68/$E$68 -> 1 | I68: =F68/E68 -> 264.42439 | Q68: 101
B69: 57000001 | C69: เมล็ดกาแฟ Clean Arabica Size L | D69: KG | E69: 39546.48 | F69: 10710769 | H69: =E69/$E$68 -> -0.98724037 | I69: =F69/E69 -> 270.84 | J69: 80 | K69: =-F68*J69/J71 -> 10209356 | L69: =K69/E69 -> 258.16092 | M69: =ROUND(H69,2) -> -0.99
B70: 57000002 | C70: เมล็ดกาแฟ Clean Arabica B | D70: KG | E70: 484.4 | F70: 131190.05 | H70: =E70/$E$68 -> -0.012092587 | I70: =F70/E70 -> 270.83 | J70: 3 | K70: =-F68*J70/J71 -> 382850.84 | L70: =K70/E70 -> 790.36094 | M70: =ROUND(H70,2) -> -0.01
A71: 301000000225 Sum | E71: -26.72 | F71: 249752.1 | H71: =E71/$E$68 -> 0.00066703946 | J71: =SUM(J69:J70) -> 83 | K71: =SUM(K69:K70) -> 10592207 | M71: =SUM(M69:M70) -> -1 | N71: =SUM(H69:H70) -> -0.99933296 | O71: =-100%-N71 -> -0.00066703946 | P71: Adj Settlement Rule Done
A72: 301000000226 | B72: 54002341 | C72: สารกาแฟโรบัสต้า | D72: KG | E72: -10025.4 | F72: -1555345.8 | G72: =+E73 -> 10008 | H72: =E72/$E$72 -> 1 | I72: =F72/E72 -> 155.14052 | Q72: 101
B73: 57000003 | C73: เมล็ดกาแฟ Clean Robusta Size mix | D73: KG | E73: 10008 | F73: 1600579.4 | H73: =E73/$E$72 -> -0.99826441 | I73: =F73/E73 -> 159.93 | J73: 95 | L73: =K73/E73 -> 0 | M73: =ROUND(H73,2) -> -1
A74: 301000000226 Sum | E74: -17.4 | F74: 45233.69 | H74: =E74/$E$72 -> 0.0017355916 | J74: =SUM(J73) -> 95 | K74: =SUM(K73) -> 0 | M74: =SUM(M73) -> -1 | N74: =SUM(H73:H74) -> -0.99652882 | O74: =-100%-N74 -> -0.0034711832 | P74: Adj Settlement Rule Done
A75: 301000000227 | B75: 54002340 | C75: สารกาแฟอาราบิก้า | D75: KG | E75: -7975.9 | F75: -2109022.5 | G75: =+E76+E77 -> 7937.98 | H75: =E75/$E$75 -> 1 | I75: =F75/E75 -> 264.42439 | Q75: 101
B76: 57000001 | C76: เมล็ดกาแฟ Clean Arabica Size L | D76: KG | E76: 7716.18 | F76: 2089850.2 | H76: =E76/$E$75 -> -0.9674369 | I76: =F76/E76 -> 270.84 | J76: 80 | L76: =K76/E76 -> 0 | M76: =ROUND(H76,2) -> -0.97
B77: 57000002 | C77: เมล็ดกาแฟ Clean Arabica B | D77: KG | E77: 221.8 | F77: 60070.09 | H77: =E77/$E$75 -> -0.027808774 | I77: =F77/E77 -> 270.82998 | J77: 3 | L77: =K77/E77 -> 0 | M77: =ROUND(H77,2) -> -0.03
A78: 301000000227 Sum | E78: -37.92 | F78: 40897.76 | H78: =E78/$E$75 -> 0.0047543224 | J78: =SUM(J76:J78) -> 83 | K78: =SUM(K76:K77) -> 0 | M78: =SUM(M76:M77) -> -1 | N78: =SUM(H76:H78) -> -0.99049136 | O78: =-100%-N78 -> -0.0095086448 | P78: Adj Settlement Rule Done
A79: 301000000228 | B79: 54002340 | C79: สารกาแฟอาราบิก้า | D79: KG | E79: -10006 | F79: -2645830.5 | G79: =+E80 -> 9961 | H79: =E79/$E$79 -> 1 | I79: =F79/E79 -> 264.42439 | Q79: 101
B80: 57000001 | C80: เมล็ดกาแฟ Clean Arabica Size L | D80: KG | E80: 9961 | F80: 2697837.2 | H80: =E80/$E$79 -> -0.9955027 | I80: =F80/E80 -> 270.84 | J80: 80 | L80: =K80/E80 -> 0 | M80: =ROUND(H80,2) -> -1
A81: 301000000228 Sum | E81: -45 | F81: 52006.76 | H81: =E81/$E$79 -> 0.0044973016 | J81: =SUM(J80:J81) -> 83 | K81: =SUM(K80:K81) -> 0 | M81: =SUM(M80:M81) -> -1.24 | N81: =SUM(H80:H81) -> -0.9910054 | O81: =-100%-N81 -> -0.0089946032 | P81: Adj Settlement Rule Done
A82: Grand Total | E82: -753 | F82: 1453138.8
A86: Average | N86: =AVERAGE(N4:N71) -> -0.99608688 | O86: =AVERAGE(O4:O71) -> -0.0039131243
A87: Summary เพิ่มแต่ละสูตรเข้าไป
G88: Semi | H88: สัดส่วน | I88: ราคา/Kg. | J88: % STD | K88: ปันใหม่ตาม STD | L88: ราคาหลังปัน | M88: Settlement Rule | N88: % Yeild | O88: % Loss
A89: Robusta
A90: 54002341 | B90: สารกาแฟโรบัสต้า | D90: KG | E90: =SUMIF(B:B,A90,E:E) -> -58005.2 | F90: =SUMIF(B:B,A90,F:F) -> -9023988.4 | H90: =E90/$E$90 -> 1 | I90: =F90/E90 -> 155.57206
A91: 57000003 | B91: เมล็ดกาแฟ Clean Robusta Size mix | D91: KG | E91: =SUMIF(B:B,A91,E:E) -> 57440.92 | F91: =SUMIF(B:B,A91,F:F) -> 9200096.6 | H91: =E91/$E$90 -> -0.99027191 | I91: =F91/E91 -> 160.16625 | J91: 95 | K91: =+F90*J91/100 -> -8572788.9 | L91: =K91/E91 -> -149.24533 | M91: =ROUND(H91,2) -> -0.99
A92: 57000004 | B92: เมล็ดกาแฟ Clean Robusta B | D92: KG | E92: =SUMIF(B:B,A92,E:E) -> 399.3 | F92: =SUMIF(B:B,A92,F:F) -> 64058 | H92: =E92/$E$90 -> -0.0068838656 | I92: =F92/E92 -> 160.42575 | J92: 3 | K92: =+F90*J92/100 -> -270719.65 | L92: =K92/E92 -> -677.9856 | M92: =ROUND(H92,2) -> -0.01 | N92: =SUM(H91:H92) -> -0.99715577 | O92: =-100%-N92 -> -0.0028442278
E93: =SUM(E90:E92) -> -164.98 | F93: =SUM(F90:F92) -> 240166.22 | H93: =SUM(H90:H92) -> 0.0028442278 | M93: =SUM(M91:M92) -> -1
A94: Arabica
A95: 54002340 | B95: สารกาแฟอาราบิก้า | D95: KG | E95: =SUMIF(B:B,A95,E:E) -> -211394.1 | F95: =SUMIF(B:B,A95,F:F) -> -55835619 | H95: =E95/$E$95 -> 1 | I95: =F95/E95 -> 264.13045
A96: 57000000 | B96: เมล็ดกาแฟ Clean Arabica Size S&M | D96: KG | E96: =SUMIF(B:B,A96,E:E) -> 0 | F96: =SUMIF(B:B,A96,F:F) -> 0 | H96: =E96/$E$95 -> 0 | I96: =F96/E96 -> #DIV/0! | J96: 15 | K96: =+F95*J96/100 -> -8375342.8 | L96: =K96/E96 -> #DIV/0! | M96: =ROUND(H96,2) -> 0
A97: 57000001 | B97: เมล็ดกาแฟ Clean Arabica Size L | D97: KG | E97: =SUMIF(B:B,A97,E:E) -> 208695.08 | F97: =SUMIF(B:B,A97,F:F) -> 56477438 | H97: =E97/$E$95 -> -0.98723228 | I97: =F97/E97 -> 270.6218 | J97: 80 | K97: =+F95*J97/100 -> -44668495 | L97: =K97/E97 -> -214.03713 | M97: =ROUND(H97,2) -> -0.99
A98: 57000002 | B98: เมล็ดกาแฟ Clean Arabica B | D98: KG | E98: =SUMIF(B:B,A98,E:E) -> 2111 | F98: =SUMIF(B:B,A98,F:F) -> 571153.56 | H98: =E98/$E$95 -> -0.0099860876 | I98: =F98/E98 -> 270.56066 | J98: 3 | K98: =+F95*J98/100 -> -1675068.6 | L98: =K98/E98 -> -793.49529 | M98: =ROUND(H98,2) -> -0.01 | N98: =SUM(H96:H98) -> -0.99721837 | O98: =-100%-N98 -> -0.0027816292
E99: =SUM(E95:E98) -> -588.02 | F99: =SUM(F95:F98) -> 1212972.6 | H99: =SUM(H95:H98) -> 0.0027816292 | M99: =SUM(M96:M98) -> -1
E100: =E93+E99 -> -753 | F100: =F93+F99 -> 1453138.8
E101: =E100-E79 -> 9253 | F101: =F100-F79 -> 4098969.3 | G101: Diff
B105: Settlement Rule

Sheet 302
A1: Group order | B1: 302 | C1: ห้อง Roasting | I1: ในห้องคั่วไม่มีเครื่องชั่งจะมาคำนวณกลับในห้องแพ็คเลย
A3: Row Labels | B3: Material | C3: Material description | D3: EUn | E3: Sum of Quantity in UnE | F3: Sum of Amt.in Loc.Cur. | G3: ใส่สาร | H3: สัดส่วนผสม | I3: สัดส่วน | K3: ราคาต่อหน่วย | L3: Yeild | M3: Loss | N3: สูตร FG | O3: Por Ver
A4: 302000000311 | B4: 57000001 | C4: เมล็ดกาแฟ Clean Arabica Size L | D4: KG | E4: -2244.2 | F4: -605462.72 | G4: =SUM(E4:E6) -> -2885.08 | H4: =E4/G4 -> 0.77786405 | I4: =E4/E7 -> -0.95512098 | K4: =F4/E4 -> 269.79
B5: 57000002 | C5: เมล็ดกาแฟ Clean Arabica B | D5: KG | E5: -60.04 | F5: -16198.19 | H5: =E5/G4 -> 0.020810515 | I5: =E5/E7 -> -0.025552742 | K5: =F5/E5 -> 269.78997
B6: 57000003 | C6: เมล็ดกาแฟ Clean Robusta Size mix | D6: KG | E6: -580.84 | F6: -93294.52 | H6: =E6/G4 -> 0.20132544 | I6: =E6/E7 -> -0.24720277 | K6: =F6/E6 -> 160.62
B7: 57000103 | C7: เมล็ดกาแฟคั่ว calibrate A80+R20 | D7: KG | E7: 2349.65 | F7: 761921.01 | H7: =E7/G4 -> -0.81441416 | I7: =E7/E7 -> 1 | K7: =F7/E7 -> 324.27
A8: 302000000311 Sum | E8: -535.43 | F8: 46965.58 | I8: =E8/G4 -> 0.18558584 | K8: =F8/E8 -> -87.71563 | L8: =E7/G4 -> -0.81441416 | M8: =100%+L8 -> 0.18558584 | N8: ='303 '!AM15 -> เมล็ดกาแฟ CPR Coffee Bean MF. 500 G. | O8: 301
A9: 302000000310 | B9: 57000001 | C9: เมล็ดกาแฟ Clean Arabica Size L | D9: KG | E9: -5184.8 | F9: -1398807.2 | G9: =SUM(E9:E10) -> -6482.07 | H9: =E9/G9 -> 0.79986794 | I9: =E9/E11 -> -0.99478509 | K9: =F9/E9 -> 269.79
B10: 57000003 | C10: เมล็ดกาแฟ Clean Robusta Size mix | D10: KG | E10: -1297.27 | F10: -208367.51 | H10: =E10/G9 -> 0.20013206 | I10: =E10/E11 -> -0.24890157 | K10: =F10/E10 -> 160.62
B11: 57000100 | C11: เมล็ดกาแฟคั่ว A80 + R20 | D11: KG | E11: 5211.98 | F11: 1690088.8 | H11: =E11/G9 -> -0.80406105 | I11: =E11/E11 -> 1 | K11: =F11/E11 -> 324.27
A12: 302000000310 Sum | E12: -1270.09 | F12: 82914.05 | I12: =E12/G9 -> 0.19593895 | K12: =F12/E12 -> -65.282027 | L12: =E11/G9 -> -0.80406105 | M12: =100%+L12 -> 0.19593895 | N12: ='303 '!AM21 -> GOLD BLEND ALL CAFE' ขนาด 500 G. | O12: 401
A13: 302000000312 | B13: 57000001 | C13: เมล็ดกาแฟ Clean Arabica Size L | D13: KG | E13: -120 | F13: -32374.8 | G13: =SUM(E13:E14) -> -240 | H13: =E13/$G$13 -> 0.5 | I13: =E13/E15 -> -0.58252427 | K13: =F16/E16 -> -225.70059
B14: 57000002 | C14: เมล็ดกาแฟ Clean Arabica B | D14: KG | E14: -120 | F14: -32374.8 | H14: =E14/$G$13 -> 0.5 | I14: =E14/E15 -> -0.58252427 | K14: =F17/E17 -> 269.79
B15: 57000101 | C15: เมล็ดกาแฟคั่ว A100 | D15: KG | E15: 206 | F15: 72423.42 | H15: =E15/$G$13 -> -0.85833333 | I15: =E15/E15 -> 1 | K15: =F18/E18 -> 160.62
A16: 302000000312 Sum | E16: -34 | F16: 7673.82 | I16: =E16/G13 -> 0.14166667 | K16: =F20/E20 -> -66.391017 | L16: =E15/G13 -> -0.85833333 | M16: =100%+L16 -> 0.14166667 | N16: ='303 '!AM28 -> เมล็ดกาแฟคั่ว Classic 1 bag ขนาด 500 G. | O16: 201
A17: 302000000313 | B17: 57000001 | C17: เมล็ดกาแฟ Clean Arabica Size L | D17: KG | E17: -10176.2 | F17: -2745437 | G17: =SUM(E17:E18) -> -12724.6 | H17: =E17/$G$17 -> 0.79972651 | I17: =E17/E19 -> -0.99397046 | K17: =F17/E17 -> 269.79
B18: 57000003 | C18: เมล็ดกาแฟ Clean Robusta Size mix | D18: KG | E18: -2548.4 | F18: -409324.01 | H18: =E18/$G$17 -> 0.20027349 | I18: =E18/E19 -> -0.24891751 | K18: =F18/E18 -> 160.62
B19: 57000100 | C19: เมล็ดกาแฟคั่ว A80 + R20 | D19: KG | E19: 10237.93 | F19: 3319853.6 | H19: =E19/$G$17 -> -0.80457775 | I19: =E19/E19 -> 1 | K19: =F19/E19 -> 324.27
A20: 302000000313 Sum | E20: -2486.67 | F20: 165092.55 | I20: =E20/G17 -> 0.19542225 | K20: =F20/E20 -> -66.391017 | L20: =E19/G17 -> -0.80457775 | M20: =100%+L20 -> 0.19542225 | N20: ='303 '!AM34 -> GOLD BLEND ALL CAFE' ขนาด 500 G. | O20: 401
A21: 302000000314 | B21: 57000001 | C21: เมล็ดกาแฟ Clean Arabica Size L | D21: KG | E21: -8599.2 | F21: -2319978.2 | G21: =SUM(E21:E23) -> -12004.98 | H21: =E21/$G$21 -> 0.71630273 | I21: =E21/E24 -> -0.89148203 | K21: =F21/E21 -> 269.79
B22: 57000002 | C22: เมล็ดกาแฟ Clean Arabica B | D22: KG | E22: -1001.7 | F22: -270248.64 | H22: =E22/$G$21 -> 0.083440372 | I22: =E22/E24 -> -0.10384658 | K22: =F22/E22 -> 269.79
B23: 57000003 | C23: เมล็ดกาแฟ Clean Robusta Size mix | D23: KG | E23: -2404.08 | F23: -386143.33 | H23: =E23/$G$21 -> 0.20025689 | I23: =E23/E24 -> -0.2492318 | K23: =F23/E23 -> 160.62
B24: 57000100 | C24: เมล็ดกาแฟคั่ว A80 + R20 | D24: KG | E24: 9645.96 | F24: 3127895.5 | H24: =E24/$G$21 -> -0.80349655 | I24: =E24/E24 -> 1 | K24: =F24/E24 -> 324.27
A25: 302000000314 Sum | E25: -2359.02 | F25: 151525.31 | I25: =E25/G21 -> 0.19650345 | K25: =F25/E25 -> -64.232313 | L25: =E24/G21 -> -0.80349655 | M25: =100%+L25 -> 0.19650345 | N25: ='303 '!AM40 -> GOLD BLEND ALL CAFE' ขนาด 500 G. | O25: 401
A26: 302000000315 | B26: 57000001 | C26: เมล็ดกาแฟ Clean Arabica Size L | D26: KG | E26: -7681.9 | F26: -2072499.8 | G26: =SUM(E26:E27) -> -9605.34 | H26: =E26/$G$26 -> 0.79975305 | I26: =E26/E28 -> -0.99080763 | K26: =F26/E26 -> 269.79
B27: 57000003 | C27: เมล็ดกาแฟ Clean Robusta Size mix | D27: KG | E27: -1923.44 | F27: -308942.93 | H27: =E27/$G$26 -> 0.20024695 | I27: =E27/E28 -> -0.24808433 | K27: =F27/E27 -> 160.62
B28: 57000100 | C28: เมล็ดกาแฟคั่ว A80 + R20 | D28: KG | E28: 7753.17 | F28: 2514120.4 | H28: =E28/$G$26 -> -0.80717289 | I28: =E28/E28 -> 1 | K28: =F28/E28 -> 324.27
A29: 302000000315 Sum | E29: -1852.17 | F29: 132677.71 | I29: =E29/G26 -> 0.19282711 | K29: =F29/E29 -> -71.633657 | L29: =E28/G26 -> -0.80717289 | M29: =100%+L29 -> 0.19282711 | N29: ='303 '!AM46 -> GOLD BLEND ALL CAFE' ขนาด 500 G. | O29: 401
A30: 302000000316 | B30: 57000001 | C30: เมล็ดกาแฟ Clean Arabica Size L | D30: KG | E30: -9299.5 | F30: -2518676.6 | G30: =SUM(E30:E32) -> -12003.64 | H30: =E30/$G$30 -> 0.77472333 | I30: =E30/E33 -> -0.96106347 | K30: =F30/E30 -> 270.84
B31: 57000002 | C31: เมล็ดกาแฟ Clean Arabica B | D31: KG | E31: -300.56 | F31: -81400.66 | H31: =E31/$G$30 -> 0.025039071 | I31: =E31/E33 -> -0.031061588 | K31: =F31/E31 -> 270.82998
B32: 57000003 | C32: เมล็ดกาแฟ Clean Robusta Size mix | D32: KG | E32: -2403.58 | F32: -384404.55 | H32: =E32/$G$30 -> 0.20023759 | I32: =E32/E33 -> -0.24839969 | K32: =F32/E32 -> 159.93
B33: 57000100 | C33: เมล็ดกาแฟคั่ว A80 + R20 | D33: KG | E33: 9676.26 | F33: 3146139.2 | H33: =E33/$G$30 -> -0.80611048 | I33: =E33/E33 -> 1 | K33: =F33/E33 -> 325.14
A34: 302000000316 Sum | E34: -2327.38 | F34: 161657.39 | I34: =E34/G30 -> 0.19388952 | K34: =F34/E34 -> -69.458958 | L34: =E33/G30 -> -0.80611048 | M34: =100%+L34 -> 0.19388952 | N34: ='303 '!AM52 -> GOLD BLEND ALL CAFE' ขนาด 500 G. | O34: 401
A35: 302000000317 | B35: 57000001 | C35: เมล็ดกาแฟ Clean Arabica Size L | D35: KG | E35: -8942.2 | F35: -2421905.5 | G35: =SUM(E35:E37) -> -12483.42 | H35: =E35/$G$35 -> 0.71632613 | I35: =E35/E38 -> -0.88883455 | K35: =F35/E35 -> 270.84
B36: 57000002 | C36: เมล็ดกาแฟ Clean Arabica B | D36: KG | E36: -1043.58 | F36: -282632.77 | H36: =E36/$G$35 -> 0.083597283 | I36: =E36/E38 -> -0.1037295 | K36: =F36/E36 -> 270.83
B37: 57000003 | C37: เมล็ดกาแฟ Clean Robusta Size mix | D37: KG | E37: -2497.64 | F37: -399447.57 | H37: =E37/$G$35 -> 0.20007658 | I37: =E37/E38 -> -0.24825979 | K37: =F37/E37 -> 159.93
B38: 57000100 | C38: เมล็ดกาแฟคั่ว A80 + R20 | D38: KG | E38: 10060.59 | F38: 3271100.2 | H38: =E38/$G$35 -> -0.80591617 | I38: =E38/E38 -> 1 | K38: =F38/E38 -> 325.14
A39: 302000000317 Sum | E39: -2422.83 | F39: 167114.44 | I39: =E39/G35 -> 0.19408383 | K39: =F39/E39 -> -68.974893 | L39: =E38/G35 -> -0.80591617 | M39: =100%+L39 -> 0.19408383 | N39: ='303 '!AM58 -> GOLD BLEND ALL CAFE' ขนาด 500 G. | O39: 401
A40: 302000000318 | B40: 57000001 | C40: เมล็ดกาแฟ Clean Arabica Size L | D40: KG | E40: -8601 | F40: -2329494.8 | G40: =SUM(E40:E42) -> -12006.8 | H40: =E40/$G$40 -> 0.71634407 | I40: =E40/$E$43 -> -0.89169452 | K40: =F40/E40 -> 270.84
B41: 57000002 | C41: เมล็ดกาแฟ Clean Arabica B | D41: KG | E41: -1003.08 | F41: -271664.16 | H41: =E41/$G$40 -> 0.083542659 | I41: =E41/$E$43 -> -0.10399267 | K41: =F41/E41 -> 270.83
B42: 57000003 | C42: เมล็ดกาแฟ Clean Robusta Size mix | D42: KG | E42: -2402.72 | F42: -384267.01 | H42: =E42/$G$40 -> 0.20011327 | I42: =E42/$E$43 -> -0.24909804 | K42: =F42/E42 -> 159.93
B43: 57000100 | C43: เมล็ดกาแฟคั่ว A80 + R20 | D43: KG | E43: 9645.68 | F43: 3136196.4 | H43: =E43/$G$40 -> -0.80335143 | I43: =E43/$E$43 -> 1 | K43: =F43/E43 -> 325.14
A44: 302000000318 Sum | E44: -2361.12 | F44: 150770.39 | I44: =E44/G40 -> 0.19664857 | K44: =F44/E44 -> -63.855454 | L44: =E43/G40 -> -0.80335143 | M44: =100%+L44 -> 0.19664857 | N44: ='303 '!AM64 -> GOLD BLEND ALL CAFE' ขนาด 500 G. | O44: 401
A45: 302000000319 | B45: 57000001 | C45: เมล็ดกาแฟ Clean Arabica Size L | D45: KG | E45: -9409.3 | F45: -2548414.8 | G45: =SUM(E45:E46) -> -11768.42 | H45: =E45/$G$45 -> 0.79953809 | I45: =E45/E47 -> -0.9940574 | K45: =F45/E45 -> 270.84
B46: 57000003 | C46: เมล็ดกาแฟ Clean Robusta Size mix | D46: KG | E46: -2359.12 | F46: -377294.06 | H46: =E46/$G$45 -> 0.20046191 | I46: =E46/E47 -> -0.24923222 | K46: =F46/E46 -> 159.93
B47: 57000100 | C47: เมล็ดกาแฟคั่ว A80 + R20 | D47: KG | E47: 9465.55 | F47: 3077628.9 | H47: =E47/$G$45 -> -0.80431783 | I47: =E47/E47 -> 1 | K47: =F47/E47 -> 325.14
A48: 302000000319 Sum | E48: -2302.87 | F48: 151920.06 | I48: =E48/G45 -> 0.19568217 | K48: =F48/E48 -> -65.969881 | L48: =E47/G45 -> -0.80431783 | M48: =100%+L48 -> 0.19568217 | N48: ='303 '!AM64 -> GOLD BLEND ALL CAFE' ขนาด 500 G. | O48: 401
A49: 302000000309 | B49: 57000001 | C49: เมล็ดกาแฟ Clean Arabica Size L | D49: KG | E49: -200.04 | F49: -54178.83 | G49: =SUM(E49:E52) -> -961.24 | H49: =E49/$G$49 -> 0.2081062 | I49: =E49/E53 -> -0.26321053 | K49: =F49/E49 -> 270.83998
B50: 57000002 | C50: เมล็ดกาแฟ Clean Arabica B | D50: KG | E50: -184.94 | F50: -50087.3 | H50: =E50/$G$49 -> 0.19239732 | I50: =E50/E53 -> -0.24334211 | K50: =F50/E50 -> 270.83
B51: 57000003 | C51: เมล็ดกาแฟ Clean Robusta Size mix | D51: KG | E51: -287.26 | F51: -45941.49 | H51: =E51/$G$49 -> 0.29884316 | I51: =E51/E53 -> -0.37797368 | K51: =F51/E51 -> 159.92999
B52: 57000004 | C52: เมล็ดกาแฟ Clean Robusta B | D52: KG | E52: -289 | F52: -46219.77 | H52: =E52/$G$49 -> 0.30065332 | I52: =E52/E53 -> -0.38026316 | K52: =F52/E52 -> 159.93
B53: 57000102 | C53: เมล็ดกาแฟคั่ว A40+R60 | D53: KG | E53: 760 | F53: 204956.8 | H53: =E53/$G$49 -> -0.79064542 | I53: =E53/E53 -> 1 | K53: =F53/E53 -> 269.68
A54: 302000000309 Sum | E54: -201.24 | F54: 8529.41 | I54: =E54/G49 -> 0.20935458 | K54: =F54/E54 -> -42.384268 | L54: =E53/G49 -> -0.79064542 | M54: =100%+L54 -> 0.20935458 | N54: ='303 '!AM9 -> Super Blend 500 G. | O54: 301
A55: 302000000320 | B55: 57000001 | C55: เมล็ดกาแฟ Clean Arabica Size L | D55: KG | E55: -9220.6 | F55: -2497307.3 | G55: =SUM(E55:E57) -> -12480.74 | H55: =E55/$G$55 -> 0.73878632 | I55: =E55/E58 -> -0.91820446 | K55: =F55/E55 -> 270.84
B56: 57000002 | C56: เมล็ดกาแฟ Clean Arabica B | D56: KG | E56: -763.8 | F56: -206859.96 | H56: =E56/$G$55 -> 0.061198294 | I56: =E56/E58 -> -0.076060621 | K56: =F56/E56 -> 270.83001
B57: 57000003 | C57: เมล็ดกาแฟ Clean Robusta Size mix | D57: KG | E57: -2496.34 | F57: -399239.66 | H57: =E57/$G$55 -> 0.20001538 | I57: =E57/E58 -> -0.24859017 | K57: =F57/E57 -> 159.93
B58: 57000100 | C58: เมล็ดกาแฟคั่ว A80 + R20 | D58: KG | E58: 10041.99 | F58: 3265052.6 | H58: =E58/$G$55 -> -0.80459893 | I58: =E58/E58 -> 1 | K58: =F58/E58 -> 325.14
A59: 302000000320 Sum | E59: -2438.75 | F59: 161645.71 | I59: =E59/G55 -> 0.19540107 | K59: =F59/E59 -> -66.282198 | L59: =E58/G55 -> -0.80459893 | M59: =100%+L59 -> 0.19540107 | N59: ='303 '!AM76 -> GOLD BLEND ALL CAFE' ขนาด 500 G. | O59: 401
A60: 302000000321 | B60: 57000001 | C60: เมล็ดกาแฟ Clean Arabica Size L | D60: KG | E60: -7740.2 | F60: -2096355.8 | G60: =SUM(E60:E62) -> -10801.74 | H60: =E60/$G$60 -> 0.71656974 | I60: =E60/E63 -> -0.88950026 | K60: =F60/E60 -> 270.84
B61: 57000002 | C61: เมล็ดกาแฟ Clean Arabica B | D61: KG | E61: -901.5 | F61: -244153.24 | H61: =E61/$G$60 -> 0.083458776 | I61: =E61/E63 -> -0.10359997 | K61: =F61/E61 -> 270.82999
B62: 57000003 | C62: เมล็ดกาแฟ Clean Robusta Size mix | D62: KG | E62: -2160.04 | F62: -345455.2 | H62: =E62/$G$60 -> 0.19997149 | I62: =E62/E63 -> -0.24823081 | K62: =F62/E62 -> 159.93
B63: 57000100 | C63: เมล็ดกาแฟคั่ว A80 + R20 | D63: KG | E63: 8701.74 | F63: 2829283.7 | H63: =E63/$G$60 -> -0.80558688 | I63: =E63/E63 -> 1 | K63: =F63/E63 -> 325.14
A64: 302000000321 Sum | E64: -2100 | F64: 143319.53 | I64: =E64/G60 -> 0.19441312 | K64: =F64/E64 -> -68.247395 | L64: =E63/G60 -> -0.80558688 | M64: =100%+L64 -> 0.19441312 | N64: ='303 '!AM82 -> GOLD BLEND ALL CAFE' ขนาด 500 G. | O64: 401
A65: 302000000322 | B65: 57000001 | C65: เมล็ดกาแฟ Clean Arabica Size L | D65: KG | E65: -8255.5 | F65: -2235919.6 | G65: =SUM(E65:E67) -> -11534.4 | H65: =E65/$G$65 -> 0.7157286 | I65: =E65/E68 -> -0.88666231 | K65: =F65/E65 -> 270.84
B66: 57000002 | C66: เมล็ดกาแฟ Clean Arabica B | D66: KG | E66: -962.08 | F66: -260560.13 | H66: =E66/$G$65 -> 0.083409627 | I66: =E66/E69 -> 0.43265996 | K66: =F66/E66 -> 270.83
B67: 57000003 | C67: เมล็ดกาแฟ Clean Robusta Size mix | D67: KG | E67: -2316.82 | F67: -370529.02 | H67: =E67/$G$65 -> 0.20086177 | I67: =E67/E70 -> 0.28060898 | K67: =F67/E67 -> 159.93
B68: 57000100 | C68: เมล็ดกาแฟคั่ว A80 + R20 | D68: KG | E68: 9310.76 | F68: 3027300.5 | H68: =E68/$G$65 -> -0.80721667 | I68: =E68/E71 -> -4.5094104 | K68: =F68/E68 -> 325.14
A69: 302000000322 Sum | E69: -2223.64 | F69: 160291.74 | I69: =E69/G65 -> 0.19278333 | K69: =F69/E69 -> -72.085293 | L69: =E68/G65 -> -0.80721667 | M69: =100%+L69 -> 0.19278333 | N69: ='303 '!AM88 -> GOLD BLEND ALL CAFE' ขนาด 500 G. | O69: 401
A70: 302000000323 | B70: 57000001 | C70: เมล็ดกาแฟ Clean Arabica Size L | D70: KG | E70: -8256.4 | F70: -2236163.4 | G70: =SUM(E70:E71) -> -10321.14 | H70: =E70/$G$70 -> 0.79995039 | I70: =E70/E72 -> -0.99104906 | K70: =F70/E70 -> 270.84
B71: 57000003 | C71: เมล็ดกาแฟ Clean Robusta Size mix | D71: KG | E71: -2064.74 | F71: -330213.87 | H71: =E71/$G$70 -> 0.20004961 | I71: =E71/E72 -> -0.24783909 | K71: =F71/E71 -> 159.93
B72: 57000100 | C72: เมล็ดกาแฟคั่ว A80 + R20 | D72: KG | E72: 8330.97 | F72: 2708731.6 | H72: =E72/$G$70 -> -0.80717537 | I72: =E72/E72 -> 1 | K72: =F72/E72 -> 325.14
A73: 302000000323 Sum | E73: -1990.17 | F73: 142354.34 | I73: =E73/G70 -> 0.19282463 | K73: =F73/E73 -> -71.528734 | L73: =E72/G70 -> -0.80717537 | M73: =100%+L73 -> 0.19282463 | N73: ='303 '!AM94 -> GOLD BLEND ALL CAFE' ขนาด 500 G. | O73: 401
A74: 302000000324 | B74: 57000001 | C74: เมล็ดกาแฟ Clean Arabica Size L | D74: KG | E74: -7571.4 | F74: -2050638 | G74: =SUM(E74:E76) -> -9840.92 | H74: =E74/$G$74 -> 0.76937929 | I74: =E74/E77 -> -0.95663952 | K74: =F74/E74 -> 270.84
B75: 57000002 | C75: เมล็ดกาแฟ Clean Arabica B | D75: KG | E75: -300.88 | F75: -81487.33 | H75: =E75/$G$74 -> 0.030574377 | I75: =E75/E77 -> -0.038015915 | K75: =F75/E75 -> 270.83
B76: 57000003 | C76: เมล็ดกาแฟ Clean Robusta Size mix | D76: KG | E76: -1968.64 | F76: -314844.6 | H76: =E76/$G$74 -> 0.20004634 | I76: =E76/E77 -> -0.24873588 | K76: =F76/E76 -> 159.93
B77: 57000100 | C77: เมล็ดกาแฟคั่ว A80 + R20 | D77: KG | E77: 7914.58 | F77: 2573346.5 | H77: =E77/$G$74 -> -0.80425204 | I77: =E77/E77 -> 1 | K77: =F77/E77 -> 325.14
A78: 302000000324 Sum | E78: -1926.34 | F78: 126376.64 | I78: =E78/G74 -> 0.19574796 | K78: =F78/E78 -> -65.604535 | L78: =E77/G74 -> -0.80425204 | M78: =100%+L78 -> 0.19574796 | N78: ='303 '!AM100 -> GOLD BLEND ALL CAFE' ขนาด 500 G. | O78: 401
A79: 302000000325 | B79: 57000001 | C79: เมล็ดกาแฟ Clean Arabica Size L | D79: KG | E79: -8183.1 | F79: -2216310.8 | G79: =SUM(E79:E81) -> -11282.7 | H79: =E79/$G$79 -> 0.72527852 | I79: =E79/E82 -> -0.90059364 | K79: =F79/E79 -> 270.84
B80: 57000002 | C80: เมล็ดกาแฟ Clean Arabica B | D80: KG | E80: -841.34 | F80: -227860.11 | H80: =E80/$G$79 -> 0.07456903 | I80: =E80/E82 -> -0.092593938 | K80: =F80/E80 -> 270.83
B81: 57000003 | C81: เมล็ดกาแฟ Clean Robusta Size mix | D81: KG | E81: -2258.26 | F81: -361163.52 | H81: =E81/$G$79 -> 0.20015245 | I81: =E81/E82 -> -0.24853351 | K81: =F81/E81 -> 159.93
B82: 57000100 | C82: เมล็ดกาแฟคั่ว A80 + R20 | D82: KG | E82: 9086.34 | F82: 2954332.6 | H82: =E82/$G$79 -> -0.80533383 | I82: =E82/E82 -> 1 | K82: =F82/E82 -> 325.14
A83: 302000000325 Sum | E83: -2196.36 | F83: 148998.16 | I83: =E83/G79 -> 0.19466617 | K83: =F83/E83 -> -67.838679 | L83: =E82/G79 -> -0.80533383 | M83: =100%+L83 -> 0.19466617 | N83: ='303 '!AM106 -> GOLD BLEND ALL CAFE' ขนาด 500 G. | O83: 401
A84: 302000000326 | B84: 57000001 | C84: เมล็ดกาแฟ Clean Arabica Size L | D84: KG | E84: -7297.1 | F84: -1976346.6 | G84: =SUM(E84:E85) -> -9123.06 | H84: =E84/$G$84 -> 0.79985224 | I84: =E84/E86 -> -0.99390751 | K84: =F84/E84 -> 270.84
B85: 57000003 | C85: เมล็ดกาแฟ Clean Robusta Size mix | D85: KG | E85: -1825.96 | F85: -292025.78 | H85: =E85/$G$84 -> 0.20014776 | I85: =E85/E86 -> -0.24870639 | K85: =F85/E85 -> 159.93
B86: 57000100 | C86: เมล็ดกาแฟคั่ว A80 + R20 | D86: KG | E86: 7341.83 | F86: 2387122.6 | H86: =E86/$G$84 -> -0.8047552 | I86: =E86/E86 -> 1 | K86: =F86/E86 -> 325.14
A87: 302000000326 Sum | E87: -1781.23 | F87: 118750.27 | I87: =E87/G84 -> 0.1952448 | K87: =F87/E87 -> -66.667567 | L87: =E86/G84 -> -0.8047552 | M87: =100%+L87 -> 0.1952448 | N87: ='303 '!AM112 -> GOLD BLEND ALL CAFE' ขนาด 500 G. | O87: 401
A88: 302000000327 | B88: 57000002 | C88: เมล็ดกาแฟ Clean Arabica B | D88: KG | E88: -192 | F88: -51999.36 | G88: =SUM(E88:E89) -> -480.3 | H88: =E88/$G$88 -> 0.39975016 | I88: =E88/E90 -> -0.50526316 | K88: =F88/E88 -> 270.83
B89: 57000004 | C89: เมล็ดกาแฟ Clean Robusta B | D89: KG | E89: -288.3 | F89: -46107.82 | H89: =E89/$G$88 -> 0.60024984 | I89: =E89/E90 -> -0.75868421 | K89: =F89/E89 -> 159.93
B90: 57000102 | C90: เมล็ดกาแฟคั่ว A40+R60 | D90: KG | E90: 380 | F90: 102478.4 | H90: =E90/$G$88 -> -0.79117218 | I90: =E90/E90 -> 1 | K90: =F90/E90 -> 269.68
A91: 302000000327 Sum | E91: -100.3 | F91: 4371.22 | I91: =E91/G88 -> 0.20882782 | K91: =F91/E91 -> -43.581456 | L91: =E90/G88 -> -0.79117218 | M91: =100%+L91 -> 0.20882782 | N91: ='303 '!AM118 -> เมล็ดกาแฟ True Tower ขนาด 500 G. | O91: 301
A92: 302000000328 | B92: 57000001 | C92: เมล็ดกาแฟ Clean Arabica Size L | D92: KG | E92: -8064.3 | F92: -2184135 | G92: =SUM(E92:E93) -> -10080.86 | H92: =E92/$G$92 -> 0.79996151 | I92: =E92/E94 -> -0.99509873 | K92: =F92/E92 -> 270.84
B93: 57000003 | C93: เมล็ดกาแฟ Clean Robusta Size mix | D93: KG | E93: -2016.56 | F93: -322508.44 | H93: =E93/$G$92 -> 0.20003849 | I93: =E93/E94 -> -0.24883453 | K93: =F93/E93 -> 159.93
B94: 57000100 | C94: เมล็ดกาแฟคั่ว A80 + R20 | D94: KG | E94: 8104.02 | F94: 2634941.1 | H94: =E94/$G$92 -> -0.80390165 | I94: =E94/E94 -> 1 | K94: =F94/E94 -> 325.14
A95: 302000000328 Sum | E95: -1976.84 | F95: 128297.61 | I95: =E95/E94 -> -0.24393326 | K95: =F95/E95 -> -64.900351 | L95: =E94/G92 -> -0.80390165 | M95: =100%+L95 -> 0.19609835 | N95: ='303 '!AM124 -> GOLD BLEND ALL CAFE' ขนาด 500 G. | O95: 401
A96: 302000000329 | B96: 57000001 | C96: เมล็ดกาแฟ Clean Arabica Size L | D96: KG | E96: -8834 | F96: -2392600.6 | G96: =SUM(E96:E97) -> -11045.72 | H96: =E96/$G$96 -> 0.79976679 | I96: =E96/E98 -> -0.99459581 | K96: =F96/E96 -> 270.84
B97: 57000003 | C97: เมล็ดกาแฟ Clean Robusta Size mix | D97: KG | E97: -2211.72 | F97: -353720.38 | H97: =E97/$G$96 -> 0.20023321 | I97: =E97/E98 -> -0.24901148 | K97: =F97/E97 -> 159.93
B98: 57000100 | C98: เมล็ดกาแฟคั่ว A80 + R20 | D98: KG | E98: 8882 | F98: 2887893.5 | H98: =E98/$G$96 -> -0.80411236 | I98: =E98/E98 -> 1 | K98: =F98/E98 -> 325.14
A99: 302000000329 Sum | E99: -2163.72 | F99: 141572.54 | I99: =E99/G96 -> 0.19588764 | K99: =F99/E99 -> -65.430157 | L99: =E98/G96 -> -0.80411236 | M99: =100%+L99 -> 0.19588764 | N99: ='303 '!AM130 -> GOLD BLEND ALL CAFE' ขนาด 500 G. | O99: 401
A100: 302000000330 | B100: 57000001 | C100: เมล็ดกาแฟ Clean Arabica Size L | D100: KG | E100: -10368.1 | F100: -2808096.2 | G100: =SUM(E100:E101) -> -12962.64 | H100: =E100/$G$100 -> 0.79984478 | I100: =E100/E102 -> -0.99441033 | K100: =F100/E100 -> 270.84
B101: 57000003 | C101: เมล็ดกาแฟ Clean Robusta Size mix | D101: KG | E101: -2594.54 | F101: -414944.78 | H101: =E101/$G$100 -> 0.20015522 | I101: =E101/E102 -> -0.2488438 | K101: =F101/E101 -> 159.93
...

Sheet 303 
A1: Group order | B1: 303 | C1: เริ่มผลิต 1.7.2026 - 31.7.2026 | E1: ห้อง Packaging | I1: 58-10 = 20 ถุง
I2: 58-6 = 6 ถุง | T2: ปกติซองกับวาล์วจะเสียปริมาณเท่ากันแต่ใส่หมายเหตุและจำนวนแค่เฉพาะที่ซอง | AI2: ใส่ 507 kg. --> ยังตัดไม่ครบไหม
A3: Row Labels | B3: Material | C3: Material description | D3: EUn | E3: Sum of Quantity in UnE | F3: Sum of Amt.in Loc.Cur. | G3: check | H3: Diff | I3: ถุง +ลังเสีย | J3: Diff | K3: Por Ver | L3: วันที่ | M3: QA เบิก (ถุง) | N3: ห้องคั่ว(g) | O3: ห้องแพ็ค(g) | P3: รวม(kg) | Q3: Diff | R3: เครื่องจักร | S3: QA เบิก | T3: โรบอทตีแตก | U3: วาล์วเสีย | V3: สตก เสีย | W3: เปลี่ยนตั้งฟิล์ม | X3: ฟิล์มยับ | Y3: นน.ขาด | Z3: ดับเบิ้ล | AA3: ซองวาล์วแตก | AB3: Repack | AC3: ระบุวันที่ผิด (ซอง) | AE3: รวมซองเสีย | AF3: Diff | AI3: ต่อหน่วย | AJ3: Loss | AK3: Yeild | AL3: kg | AM3: สูตร FG | AN3: G | AO3: Kg
A4: 303000000309 | B4: 58000002 | C4: WIPF WICOVALVE W009 | D4: PC | E4: -1617 | F4: -1367.61 | G4: =E4+E7 -> -97 | H4: =G4+P4 -> -97 | K4: 101 | L4: 01.07.2026 | M4: 0 | N4: 0 | O4: 0 | P4: =SUM(N4:O4)/1000 -> 0 | Q4: =G8+P4 -> 0 | R4: 0 | S4: 0 | T4: 0 | U4: 97 | W4: 42 | X4: 0 | Y4: 10 | Z4: 20 | AB4: 25 | AE4: =SUM(W4:AC4) -> 97 | AF4: =U4-AE4 -> 0 | AH4: =G4/E4 -> 0.059987631 | AI4: =F4/E4 -> 0.84576994 | AJ4: =100%+AK4 -> 0 | AK4: =(E7*500/1000)/E8 -> -1
B5: 58000010 | C5: (4seal) กล่องกระดาษ5ชั้น 450*330*300 mm | D5: PC | E5: -76 | F5: -1672 | G5: =(E7/6)+E5 -> 177.33333 | AH5: =G5/E5 -> -2.3333333 | AI5: =F5/E5 -> 22
B6: 58000025 | C6: Film roll Nologo 500g.420mm*900m | D6: PC | E6: -1617 | F6: -2775.85 | G6: =E6+E7 -> -97 | AH6: =G6/E6 -> 0.059987631 | AI6: =F6/E6 -> 1.7166667
B7: 59000004 | C7: Super Blend 500 G. | D7: BAG | E7: 1520 | F7: 217466.4 | G7: =(E7*500)/1000000 -> 0.76 | I7: =(E7/20)+R4+S4+T4 -> 76 | J7: =E5+I7 -> 0 | AH7: =G7/E7 -> 0.0005 | AI7: =F7/E7 -> 143.07 | AL7: =AI7*2 -> 286.14 | AN7: =E7*500 -> 760000 | AO7: =AN7/1000 -> 760
B8: 57000102 | C8: เมล็ดกาแฟคั่ว A40+R60 | D8: KG | E8: -760 | F8: -204956.8 | G8: =((E8*2)+E7)/2 -> 0 | AH8: =G8/E8 -> 0 | AI8: =F8/E8 -> 269.68
A9: 303000000309 Sum | E9: -2550 | F9: 6694.14 | AM9: =C7 -> Super Blend 500 G.
A10: 303000000310 | B10: 57000103 | C10: เมล็ดกาแฟคั่ว calibrate A80+R20 | D10: KG | E10: -2349.65 | F10: -761921.01 | G10: =((E10*2)+E14)/2 -> -1.15 | H10: =G10+P10 -> -9.1038288e-14 | K10: 101 | L10: 01.07.2026 | M10: 2 | N10: 0 | O10: 1150 | P10: =SUM(N10:O10)/1000 -> 1.15 | Q10: =G10+P10 -> -9.1038288e-14 | R10: 1 | S10: 0 | T10: 0 | U10: 297 | V10: 0 | W10: 173 | X10: 0 | Y10: 13 | Z10: 30 | AB10: 81 | AE10: =SUM(W10:AC10) -> 297 | AF10: =U10-AE10 -> 0 | AH10: =G10/E10 -> 0.0004894346 | AI10: =F10/E10 -> 324.27 | AJ10: =100%+AK10 -> 0.0004894346 | AK10: =(E14*500/1000)/E10 -> -0.99951057
B11: 58000002 | C11: WIPF WICOVALVE W009 | D11: PC | E11: -4994 | F11: -4223.76 | G11: =E11+E14 -> -297 | AH11: =G11/E11 -> 0.059471366 | AI11: =F11/E11 -> 0.84576692
B12: 58000003 | C12: Film roll Gold blend 420mm*900m | D12: PC | E12: -4994 | F12: -10280.88 | G12: =E12+E14 -> -297 | AH12: =G12/E12 -> 0.059471366 | AI12: =F12/E12 -> 2.0586464
B13: 58000005 | C13: ลังกระดาษ 3กก. 287*240*177 mm. (No Logo) | D13: PC | E13: -784 | F13: -3920 | G13: =(E14/6)+E13 -> -1.1666667 | I13: =(E14/6)+R10+S10+T10 -> 783.83333 | J13: =E13+I13 -> -0.16666667 | AH13: =G13/E13 -> 0.0014880952 | AI13: =F13/E13 -> 5 | AL13: =AI14*2 -> 338.72 | AN13: =E14*500 -> 2348500 | AO13: =AN13/1000 -> 2348.5
B14: 59000001 | C14: เมล็ดกาแฟ CPR Coffee Bean MF. 500 G. | D14: BAG | E14: 4697 | F14: 795483.92 | G14: =(E14*500)/1000000 -> 2.3485 | AH14: =G14/E14 -> 0.0005 | AI14: =F14/E14 -> 169.36
A15: 303000000310 Sum | E15: -8424.65 | F15: 15138.27 | AM15: =C14 -> เมล็ดกาแฟ CPR Coffee Bean MF. 500 G.
A16: 303000000311 | B16: 57000100 | C16: เมล็ดกาแฟคั่ว A80 + R20 | D16: KG | E16: -5211.98 | F16: -1690088.8 | G16: =((E16*2)+E20)/2 -> -2.98 | H16: =G16+P16 -> 4.3653969e-13 | K16: 101 | L16: 01.07.2026 | M16: 4 | N16: 950 | O16: 2030 | P16: =SUM(N16:O16)/1000 -> 2.98 | Q16: =G16+P16 -> 4.3653969e-13 | R16: 9 | S16: 0 | T16: 0 | U16: 155 | V16: 0 | W16: 141 | X16: 0 | Y16: 2 | Z16: 12 | AB16: 0 | AE16: =SUM(W16:AC16) -> 155 | AF16: =U16-AE16 -> 0 | AH16: =G16/E16 -> 0.00057175968 | AI16: =F16/E16 -> 324.27 | AJ16: =100%+AK16 -> 0.00057175968 | AK16: =(E20*500/1000)/E16 -> -0.99942824
B17: 58000002 | C17: WIPF WICOVALVE W009 | D17: PC | E17: -10573 | F17: -8942.3 | G17: =E17+E20 -> -155 | AH17: =G17/E17 -> 0.014659983 | AI17: =F17/E17 -> 0.84576752
B18: 58000004 | C18: Film roll All cafe500g.420mm*900m | D18: PC | E18: -10573 | F18: -22029.68 | G18: =E18+E20 -> -155 | AH18: =G18/E18 -> 0.014659983 | AI18: =F18/E18 -> 2.0835789
B19: 58000006 | C19: All Cafe ลังกระดาษ (287*240*177 mm.) | D19: PC | E19: -1744 | F19: -8720 | G19: =(E20/6)+E19 -> -7.6666667 | I19: =(E20/6)+R16+S16+T16 -> 1745.3333 | J19: =E19+I19 -> 1.3333333 | AH19: =G19/E19 -> 0.0043960245 | AI19: =F19/E19 -> 5 | AN19: =E20*500 -> 5209000 | AO19: =AN19/1000 -> 5209
B20: 59000002 | C20: GOLD BLEND ALL CAFE' ขนาด 500 G. | D20: BAG | E20: 10418 | F20: 1764600.8 | G20: =(E20*500)/1000000 -> 5.209 | AH20: =G20/E20 -> 0.0005 | AI20: =F20/E20 -> 169.38 | AL20: =AI20*2 -> 338.76
A21: 303000000311 Sum | E21: -17683.98 | F21: 34820.11 | AM21: =C20 -> GOLD BLEND ALL CAFE' ขนาด 500 G.
A22: 303000000312 | B22: 58000002 | C22: WIPF WICOVALVE W009 | D22: PC | E22: -495 | F22: -418.66 | G22: =E22+E25 -> -83 | H22: =G26+P22 -> 0 | K22: 101 | L22: 01.07.2026 | M22: 0 | N22: 0 | O22: 0 | P22: =SUM(N22:O22)/1000 -> 0 | Q22: =G26+P22 -> 0 | R22: 0 | S22: 0 | U22: 83 | V22: 0 | W22: 83 | AE22: =SUM(W22:AC22) -> 83 | AF22: =U22-AE22 -> 0 | AH22: =G22/E22 -> 0.16767677 | AI22: =F22/E22 -> 0.84577778 | AJ22: =100%+AK22 -> 0 | AK22: =(E25*500/1000)/E26 -> -1
B23: 58000010 | C23: (4seal) กล่องกระดาษ5ชั้น 450*330*300 mm | D23: PC | E23: -21 | F23: -462 | G23: =(E25/20)+E23 -> -0.4 | AH23: =G23/E23 -> 0.019047619 | AI23: =F23/E23 -> 22
B24: 58000025 | C24: Film roll Nologo 500g.420mm*900m | D24: PC | E24: -495 | F24: -849.75 | G24: =E24+E25 -> -83 | AH24: =G24/E24 -> 0.16767677 | AI24: =F24/E24 -> 1.7166667
B25: 59000003 | C25: เมล็ดกาแฟคั่ว Classic 1 bag ขนาด 500 G. | D25: BAG | E25: 412 | F25: 75948.08 | G25: =(E25*500)/1000000 -> 0.206 | I25: =(E25/20)+R22+S22+T22 -> 20.6 | J25: =E23+I25 -> -0.4 | AH25: =G25/E25 -> 0.0005 | AI25: =F25/E25 -> 184.34 | AN25: =E25*500 -> 206000 | AO25: =AN25/1000 -> 206
B26: 57000101 | C26: เมล็ดกาแฟคั่ว A100 | D26: KG | E26: -206 | F26: -72423.42 | G26: =((E26*2)+E25)/2 -> 0 | O26: 0 | AH26: =G26/E26 -> 0 | AI26: =F26/E26 -> 351.57 | AL26: =AI25*2 -> 368.68
B27: 58000009 | C27: สติ๊กเกอร์ Classic Beans (หน้า) | D27: EA | E27: -412 | F27: -477.92 | G27: =E25+E27 -> 0 | AH27: =G27/E27 -> 0 | AI27: =F27/E27 -> 1.16
A28: 303000000312 Sum | E28: -1217 | F28: 1316.33 | AM28: =C25 -> เมล็ดกาแฟคั่ว Classic 1 bag ขนาด 500 G.
A29: 303000000313 | B29: 57000100 | C29: เมล็ดกาแฟคั่ว A80 + R20 | D29: KG | E29: -10237.93 | F29: -3319853.6 | G29: =((E29*2)+E33)/2 -> -4.93 | H29: =G29+P29 -> -2.9132252e-13 | K29: 101 | L29: 02.06.2026 | M29: 6 | N29: 2030 | O29: 2900 | P29: =SUM(N29:O29)/1000 -> 4.93 | Q29: =G29+P29 -> -2.9132252e-13 | R29: 22 | S29: 0 | T29: 0 | U29: 231 | V29: 0 | W29: 163 | X29: 0 | Y29: 33 | Z29: 18 | AA29: 0 | AB29: 17 | AC29: 0 | AE29: =SUM(W29:AC29) -> 231 | AF29: =U29-AE29 -> 0 | AH29: =G29/E29 -> 0.00048154266 | AI29: =F29/E29 -> 324.27 | AJ29: =100%+AK29 -> 0.00048154266 | AK29: =(E33*500/1000)/E29 -> -0.99951846
B30: 58000002 | C30: WIPF WICOVALVE W009 | D30: PC | E30: -20697 | F30: -17504.86 | G30: =E30+E33 -> -231 | AH30: =G30/E30 -> 0.011161038 | AI30: =F30/E30 -> 0.84576799
B31: 58000004 | C31: Film roll All cafe500g.420mm*900m | D31: PC | E31: -20697 | F31: -43123.82 | G31: =E31+E33 -> -231 | AH31: =G31/E31 -> 0.011161038 | AI31: =F31/E31 -> 2.0835783
B32: 58000006 | C32: All Cafe ลังกระดาษ (287*240*177 mm.) | D32: PC | E32: -3432 | F32: -17160 | G32: =(E33/6)+E32 -> -21 | I32: =(E33/6)+R29+S29+T29 -> 3433 | J32: =E32+I32 -> 1 | AH32: =G32/E32 -> 0.0061188811 | AI32: =F32/E32 -> 5 | AN32: =E33*500 -> 10233000 | AO32: =AN32/1000 -> 10233
B33: 59000002 | C33: GOLD BLEND ALL CAFE' ขนาด 500 G. | D33: BAG | E33: 20466 | F33: 3466531.1 | G33: =(E33*500)/1000000 -> 10.233 | AH33: =G33/E33 -> 0.0005 | AI33: =F33/E33 -> 169.38 | AL33: =AI33*2 -> 338.76
A34: 303000000313 Sum | E34: -34597.93 | F34: 68888.84 | AM34: =C33 -> GOLD BLEND ALL CAFE' ขนาด 500 G.
A35: 303000000314 | B35: 57000100 | C35: เมล็ดกาแฟคั่ว A80 + R20 | D35: KG | E35: -9645.96 | F35: -3136287.4 | G35: =((E35*2)+E39)/2 -> -3.96 | H35: =G35+P35 -> 8.7307939e-13 | K35: 101 | L35: 03.07.2026 | M35: 6 | N35: 1210 | O35: 2750 | P35: =SUM(N35:O35)/1000 -> 3.96 | Q35: =G35+P35 -> 8.7307939e-13 | R35: 31 | S35: 0 | T35: 0 | U35: 352 | V35: 0 | W35: 134 | X35: 130 | Y35: 59 | Z35: 29 | AE35: =SUM(W35:AC35) -> 352 | AF35: =U35-AE35 -> 0 | AH35: =G35/E35 -> 0.00041053457 | AI35: =F35/E35 -> 325.14 | AJ35: =100%+AK35 -> 0.00041053457 | AK35: =(E39*500/1000)/E35 -> -0.99958947
B36: 58000002 | C36: WIPF WICOVALVE W009 | D36: PC | E36: -19639 | F36: -16610.03 | G36: =E36+E39 -> -355 | AH36: =G36/E36 -> 0.018076277 | AI36: =F36/E36 -> 0.84576761
B37: 58000004 | C37: Film roll All cafe500g.420mm*900m | D37: PC | E37: -19639 | F37: -40917.6 | G37: =E37+E39 -> -355 | AH37: =G37/E37 -> 0.018076277 | AI37: =F37/E37 -> 2.0834869
B38: 58000006 | C38: All Cafe ลังกระดาษ (287*240*177 mm.) | D38: PC | E38: -3244 | F38: -16220 | G38: =(E39/6)+E38 -> -30 | I38: =(E39/6)+R35+S35+T35 -> 3245 | J38: =E38+I38 -> 1 | AH38: =G38/E38 -> 0.0092478422 | AI38: =F38/E38 -> 5 | AN38: =E39*500 -> 9642000 | AO38: =AN38/1000 -> 9642
B39: 59000002 | C39: GOLD BLEND ALL CAFE' ขนาด 500 G. | D39: BAG | E39: 19284 | F39: 3275580.2 | G39: =(E39*500)/1000000 -> 9.642 | AH39: =G39/E39 -> 0.0005 | AI39: =F39/E39 -> 169.86 | AL39: =AI39*2 -> 339.72
A40: 303000000314 Sum | E40: -32883.96 | F40: 65545.17 | AM40: =C39 -> GOLD BLEND ALL CAFE' ขนาด 500 G.
A41: 303000000315 | B41: 57000100 | C41: เมล็ดกาแฟคั่ว A80 + R20 | D41: KG | E41: -7753.17 | F41: -2520865.7 | G41: =((E41*2)+E45)/2 -> -9.67 | H41: =G41+P41 -> -7.283063e-14 | K41: 101 | L41: 04.07.206 | M41: 11 | N41: 1730 | O41: 7940 | P41: =SUM(N41:O41)/1000 -> 9.67 | Q41: =G41+P41 -> -7.283063e-14 | R41: 16 | S41: 0 | T41: 0 | U41: 214 | V41: 0 | W41: 113 | X41: 0 | Y41: 18 | Z41: 42 | AB41: 41 | AE41: =SUM(W41:AC41) -> 214 | AF41: =U41-AE41 -> 0 | AH41: =G41/E41 -> 0.0012472318 | AI41: =F41/E41 -> 325.14 | AJ41: =100%+AK41 -> 0.0012472318 | AK41: =(E45*500/1000)/E41 -> -0.99875277
B42: 58000002 | C42: WIPF WICOVALVE W009 | D42: PC | E42: -15701 | F42: -13279.4 | G42: =E42+E45 -> -214 | AH42: =G42/E42 -> 0.013629705 | AI42: =F42/E42 -> 0.84576779
B43: 58000004 | C43: Film roll All cafe500g.420mm*900m | D43: PC | E43: -15701 | F43: -32712.83 | G43: =E43+E45 -> -214 | AH43: =G43/E43 -> 0.013629705 | AI43: =F43/E43 -> 2.083487
B44: 58000006 | C44: All Cafe ลังกระดาษ (287*240*177 mm.) | D44: PC | E44: -2595 | F44: -12975 | G44: =(E45/6)+E44 -> -13.833333 | I44: =(E45/6)+R41+S41+T41 -> 2597.1667 | J44: =E44+I44 -> 2.1666667 | AH44: =G44/E44 -> 0.0053307643 | AI44: =F44/E44 -> 5 | AN44: =E45*500 -> 7743500 | AO44: =AN44/1000 -> 7743.5
B45: 59000002 | C45: GOLD BLEND ALL CAFE' ขนาด 500 G. | D45: BAG | E45: 15487 | F45: 2630621.8 | G45: =(E45*500)/1000000 -> 7.7435 | AH45: =G45/E45 -> 0.0005 | AI45: =F45/E45 -> 169.86 | AL45: =AI45*2 -> 339.72
A46: 303000000315 Sum | E46: -26263.17 | F46: 50788.9 | AM46: =C45 -> GOLD BLEND ALL CAFE' ขนาด 500 G.
A47: 303000000316 | B47: 57000100 | C47: เมล็ดกาแฟคั่ว A80 + R20 | D47: KG | E47: -9676.26 | F47: -3146139.2 | G47: =((E47*2)+E51)/2 -> -4.26 | H47: =G47+P47 -> -2.1849189e-13 | K47: 101 | L47: 06.07.2026 | M47: 12 | N47: 300 | O47: 3960 | P47: =SUM(N47:O47)/1000 -> 4.26 | Q47: =G47+P47 -> -2.1849189e-13 | R47: 13 | S47: 0 | T47: 0 | U47: 265 | V47: 0 | W47: 198 | X47: 0 | Y47: 27 | Z47: 33 | AB47: 7 | AE47: =SUM(W47:AC47) -> 265 | AF47: =U47-AE47 -> 0 | AH47: =G47/E47 -> 0.00044025274 | AI47: =F47/E47 -> 325.14 | AJ47: =100%+AK47 -> 0.00044025274 | AK47: =(E51*500/1000)/E47 -> -0.99955975
B48: 58000002 | C48: WIPF WICOVALVE W009 | D48: PC | E48: -19609 | F48: -16584.66 | G48: =E48+E51 -> -265 | AH48: =G48/E48 -> 0.013514203 | AI48: =F48/E48 -> 0.84576776
B49: 58000004 | C49: Film roll All cafe500g.420mm*900m | D49: PC | E49: -19609 | F49: -40855.1 | G49: =E49+E51 -> -265 | AH49: =G49/E49 -> 0.013514203 | AI49: =F49/E49 -> 2.0834872
B50: 58000006 | C50: All Cafe ลังกระดาษ (287*240*177 mm.) | D50: PC | E50: -3235 | F50: -16175 | G50: =(E51/6)+E50 -> -11 | I50: =(E51/6)+R47+S47+T47 -> 3237 | J50: =E50+I50 -> 2 | AH50: =G50/E50 -> 0.0034003091 | AI50: =F50/E50 -> 5 | AN50: =E51*500 -> 9672000 | AO50: =AN50/1000 -> 9672
B51: 59000002 | C51: GOLD BLEND ALL CAFE' ขนาด 500 G. | D51: BAG | E51: 19344 | F51: 3285771.8 | G51: =(E51*500)/1000000 -> 9.672 | AH51: =G51/E51 -> 0.0005 | AI51: =F51/E51 -> 169.86 | AL51: =AI51*2 -> 339.72
A52: 303000000316 Sum | E52: -32785.26 | F52: 66017.9 | AM52: =C51 -> GOLD BLEND ALL CAFE' ขนาด 500 G.
A53: 303000000317 | B53: 57000100 | C53: เมล็ดกาแฟคั่ว A80 + R20 | D53: KG | E53: -10060.59 | F53: -3271100.2 | G53: =((E53*2)+E57)/2 -> -7.59 | H53: =G53+P53 -> -1.4566126e-13 | K53: 101 | L53: 07.07.2026 | M53: 6 | N53: 460 | O53: 7130 | P53: =SUM(N53:O53)/1000 -> 7.59 | Q53: =G53+P53 -> -1.4566126e-13 | R53: 13 | S53: 0 | T53: 0 | U53: 348 | V53: 0 | W53: 157 | X53: 134 | Y53: 17 | Z53: 40 | AA53: 0 | AB53: 0 | AE53: =SUM(W53:AC53) -> 348 | AF53: =U53-AE53 -> 0 | AH53: =G53/E53 -> 0.00075442892 | AI53: =F53/E53 -> 325.14 | AJ53: =100%+AK53 -> 0.00075442892 | AK53: =(E57*500/1000)/E53 -> -0.99924557
B54: 58000002 | C54: WIPF WICOVALVE W009 | D54: PC | E54: -20454 | F54: -17299.33 | G54: =E54+E57 -> -348 | AH54: =G54/E54 -> 0.017013787 | AI54: =F54/E54 -> 0.84576758
B55: 58000004 | C55: Film roll All cafe500g.420mm*900m | D55: PC | E55: -20454 | F55: -42615.64 | G55: =E55+E57 -> -348 | AH55: =G55/E55 -> 0.017013787 | AI55: =F55/E55 -> 2.0834868
B56: 58000006 | C56: All Cafe ลังกระดาษ (287*240*177 mm.) | D56: PC | E56: -3363 | F56: -16815 | G56: =(E57/6)+E56 -> -12 | I56: =(E57/6)+R53+S53+T53 -> 3364 | J56: =E56+I56 -> 1 | AH56: =G56/E56 -> 0.0035682426 | AI56: =F56/E56 -> 5 | AN56: =E57*500 -> 10053000 | AO56: =AN56/1000 -> 10053
B57: 59000002 | C57: GOLD BLEND ALL CAFE' ขนาด 500 G. | D57: BAG | E57: 20106 | F57: 3415205.2 | G57: =(E57*500)/1000000 -> 10.053 | AH57: =G57/E57 -> 0.0005 | AI57: =F57/E57 -> 169.86 | AL57: =AI57*2 -> 339.72
A58: 303000000317 Sum | E58: -34225.59 | F58: 67374.96 | AM58: =C57 -> GOLD BLEND ALL CAFE' ขนาด 500 G.
A59: 303000000318 | B59: 57000100 | C59: เมล็ดกาแฟคั่ว A80 + R20 | D59: KG | E59: -9645.68 | F59: -3136196.4 | G59: =((E59*2)+E63)/2 -> -3.68 | H59: =G59+P59 -> -2.9087843e-13 | K59: 101 | L59: 08.07.2026 | M59: 6 | N59: 950 | O59: 2730 | P59: =SUM(N59:O59)/1000 -> 3.68 | Q59: =G59+P59 -> -2.9087843e-13 | R59: 12 | S59: 0 | T59: 0 | U59: 271 | V59: 0 | W59: 203 | X59: 0 | Y59: 13 | Z59: 21 | AA59: 0 | AB59: 34 | AE59: =SUM(W59:AC59) -> 271 | AF59: =U59-AE59 -> 0 | AH59: =G59/E59 -> 0.00038151794 | AI59: =F59/E59 -> 325.14 | AJ59: =100%+AK59 -> 0.00038151794 | AK59: =(E63*500/1000)/E59 -> -0.99961848
B60: 58000002 | C60: WIPF WICOVALVE W009 | D60: PC | E60: -19555 | F60: -16538.99 | G60: =E60+E63 -> -271 | AH60: =G60/E60 -> 0.013858348 | AI60: =F60/E60 -> 0.84576783
B61: 58000004 | C61: Film roll All cafe500g.420mm*900m | D61: PC | E61: -19555 | F61: -40742.59 | G61: =E61+E63 -> -271 | AH61: =G61/E61 -> 0.013858348 | AI61: =F61/E61 -> 2.0834871
B62: 58000006 | C62: All Cafe ลังกระดาษ (287*240*177 mm.) | D62: PC | E62: -3225 | F62: -16125 | G62: =(E63/6)+E62 -> -11 | I62: =(E63/6)+R59+S59+T59 -> 3226 | J62: =E62+I62 -> 1 | AH62: =G62/E62 -> 0.0034108527 | AI62: =F62/E62 -> 5 | AN62: =E63*500 -> 9642000 | AO62: =AN62/1000 -> 9642
B63: 59000002 | C63: GOLD BLEND ALL CAFE' ขนาด 500 G. | D63: BAG | E63: 19284 | F63: 3275580.2 | G63: =(E63*500)/1000000 -> 9.642 | AH63: =G63/E63 -> 0.0005 | AI63: =F63/E63 -> 169.86 | AL63: =AI63*2 -> 339.72
A64: 303000000318 Sum | E64: -32696.68 | F64: 65977.26 | AM64: =C63 -> GOLD BLEND ALL CAFE' ขนาด 500 G.
A65: 303000000319 | B65: 57000100 | C65: เมล็ดกาแฟคั่ว A80 + R20 | D65: KG | E65: -9465.55 | F65: -3077628.9 | G65: =((E65*2)+E69)/2 -> -3.05 | H65: =G65+P65 -> 7.2741813e-13 | K65: 101 | L65: 09.07.2026 | M65: 19 | N65: 260 | O65: 2790 | P65: =SUM(N65:O65)/1000 -> 3.05 | Q65: =G65+P65 -> 7.2741813e-13 | R65: 37 | S65: 0 | T65: 0 | U65: 283 | V65: 0 | W65: 139 | X65: 62 | Y65: 17 | Z65: 22 | AB65: 43 | AE65: =SUM(W65:AC65) -> 283 | AF65: =U65-AE65 -> 0 | AH65: =G65/E65 -> 0.00032222111 | AI65: =F65/E65 -> 325.14 | AJ65: =100%+AK65 -> 0.00032222111 | AK65: =(E69*500/1000)/E65 -> -0.99967778
B66: 58000002 | C66: WIPF WICOVALVE W009 | D66: PC | E66: -19208 | F66: -16245.5 | G66: =E66+E69 -> -283 | AH66: =G66/E66 -> 0.014733444 | AI66: =F66/E66 -> 0.84576739
B67: 58000004 | C67: Film roll All cafe500g.420mm*900m | D67: PC | E67: -19208 | F67: -40019.62 | G67: =E67+E69 -> -283 | AH67: =G67/E67 -> 0.014733444 | AI67: =F67/E67 -> 2.0834871
B68: 58000006 | C68: All Cafe ลังกระดาษ (287*240*177 mm.) | D68: PC | E68: -3188 | F68: -15940 | G68: =(E69/6)+E68 -> -33.833333 | I68: =(E69/6)+R65+S65+T65 -> 3191.1667 | J68: =E68+I68 -> 3.1666667 | AH68: =G68/E68 -> 0.010612714 | AI68: =F68/E68 -> 5 | AN68: =E69*500 -> 9462500 | AO68: =AN68/1000 -> 9462.5
B69: 59000002 | C69: GOLD BLEND ALL CAFE' ขนาด 500 G. | D69: BAG | E69: 18925 | F69: 3214600.5 | G69: =(E69*500)/1000000 -> 9.4625 | AH69: =G69/E69 -> 0.0005 | AI69: =F69/E69 -> 169.86 | AL69: =AI69*2 -> 339.72
A70: 303000000319 Sum | E70: -32144.55 | F70: 64766.45 | AM70: =C69 -> GOLD BLEND ALL CAFE' ขนาด 500 G.
A71: 303000000320 | B71: 57000100 | C71: เมล็ดกาแฟคั่ว A80 + R20 | D71: KG | E71: -10041.99 | F71: -3265052.6 | G71: =((E71*2)+E75)/2 -> -3.49 | H71: =G71+P71 -> 2.1849189e-13 | K71: 101 | L71: 10.07.2026 | M71: 13 | N71: 230 | O71: 3260 | P71: =SUM(N71:O71)/1000 -> 3.49 | Q71: =G71+P71 -> 2.1849189e-13 | R71: 14 | S71: 0 | T71: 0 | U71: 375 | V71: 0 | W71: 256 | X71: 0 | Y71: 56 | Z71: 38 | AB71: 25 | AE71: =SUM(W71:AC71) -> 375 | AF71: =U71-AE71 -> 0 | AH71: =G71/E71 -> 0.00034754068 | AI71: =F71/E71 -> 325.14 | AJ71: =100%+AK71 -> 0.00034754068 | AK71: =(E75*500/1000)/E71 -> -0.99965246
B72: 58000002 | C72: WIPF WICOVALVE W009 | D72: PC | E72: -20452 | F72: -17297.64 | G72: =E72+E75 -> -375 | AH72: =G72/E72 -> 0.018335615 | AI72: =F72/E72 -> 0.84576765
B73: 58000004 | C73: Film roll All cafe500g.420mm*900m | D73: PC | E73: -20452 | F73: -42611.48 | G73: =E73+E75 -> -375 | AH73: =G73/E73 -> 0.018335615 | AI73: =F73/E73 -> 2.0834872
B74: 58000006 | C74: All Cafe ลังกระดาษ (287*240*177 mm.) | D74: PC | E74: -3358 | F74: -16790 | G74: =(E75/6)+E74 -> -11.833333 | I74: =(E75/6)+R71+S71+T71 -> 3360.1667 | J74: =E74+I74 -> 2.1666667 | AH74: =G74/E74 -> 0.003523923 | AI74: =F74/E74 -> 5 | AN74: =E75*500 -> 10038500 | AO74: =AN74/1000 -> 10038.5
B75: 59000002 | C75: GOLD BLEND ALL CAFE' ขนาด 500 G. | D75: BAG | E75: 20077 | F75: 3410279.2 | G75: =(E75*500)/1000000 -> 10.0385 | AH75: =G75/E75 -> 0.0005 | AI75: =F75/E75 -> 169.86 | AL75: =AI75*2 -> 339.72
A76: 303000000320 Sum | E76: -34226.99 | F76: 68527.47 | AM76: =C75 -> GOLD BLEND ALL CAFE' ขนาด 500 G.
A77: 303000000321 | B77: 57000100 | C77: เมล็ดกาแฟคั่ว A80 + R20 | D77: KG | E77: -8701.74 | F77: -2829283.7 | G77: =((E77*2)+E81)/2 -> -6.74 | H77: =G77+P77 -> 2.1849189e-13 | K77: 101 | L77: 11.07.2026 | M77: 8 | N77: 1650 | O77: 5090 | P77: =SUM(N77:O77)/1000 -> 6.74 | Q77: =P77+G77 -> 2.1849189e-13 | R77: 18 | S77: 0 | T77: 0 | U77: 299 | V77: 0 | W77: 183 | X77: 0 | Y77: 61 | Z77: 30 | AB77: 25 | AE77: =SUM(W77:AC77) -> 299 | AF77: =U77-AE77 -> 0 | AH77: =G77/E77 -> 0.00077455773 | AI77: =F77/E77 -> 325.14 | AJ77: =100%+AK77 -> 0.00077455773 | AK77: =(E81*500/1000)/E77 -> -0.99922544
B78: 58000002 | C78: WIPF WICOVALVE W009 | D78: PC | E78: -17689 | F78: -14960.79 | G78: =E78+E81 -> -299 | AH78: =G78/E78 -> 0.01690316 | AI78: =F78/E78 -> 0.84576799
B79: 58000004 | C79: Film roll All cafe500g.420mm*900m | D79: PC | E79: -17689 | F79: -36854.8 | G79: =E79+E81 -> -299 | AH79: =G79/E79 -> 0.01690316 | AI79: =F79/E79 -> 2.0834869
B80: 58000006 | C80: All Cafe ลังกระดาษ (287*240*177 mm.) | D80: PC | E80: -2915 | F80: -14575 | G80: =(E81/6)+E80 -> -16.666667 | I80: =(E81/6)+R77+S77+T77 -> 2916.3333 | J80: =E80+I80 -> 1.3333333 | AH80: =G80/E80 -> 0.0057175529 | AI80: =F80/E80 -> 5 | AN80: =E81*500 -> 8695000 | AO80: =AN80/1000 -> 8695
B81: 59000002 | C81: GOLD BLEND ALL CAFE' ขนาด 500 G. | D81: BAG | E81: 17390 | F81: 2953865.4 | G81: =(E81*500)/1000000 -> 8.695 | AH81: =G81/E81 -> 0.0005 | AI81: =F81/E81 -> 169.86 | AL81: =AI81*2 -> 339.72
A82: 303000000321 Sum | E82: -29604.74 | F82: 58191.07 | AM82: =C81 -> GOLD BLEND ALL CAFE' ขนาด 500 G.
A83: 303000000322 | B83: 57000100 | C83: เมล็ดกาแฟคั่ว A80 + R20 | D83: KG | E83: -9310.76 | F83: -3027300.5 | G83: =((E83*2)+E87)/2 -> -3.26 | H83: =G83+P83 -> -2.1849189e-13 | K83: 101 | L83: 13.07.2026 | M83: 9 | N83: 290 | O83: 2970 | P83: =SUM(N83:O83)/1000 -> 3.26 | Q83: =G83+P83 -> -2.1849189e-13 | R83: 11 | S83: 0 | T83: 0 | U83: 152 | V83: 0 | W83: 44 | X83: 0 | Y83: 67 | Z83: 41 | AA83: 0 | AB83: 0 | AE83: =SUM(W83:AC83) -> 152 | AF83: =U83-AE83 -> 0 | AH83: =G83/E83 -> 0.00035013253 | AI83: =F83/E83 -> 325.14 | AJ83: =100%+AK83 -> 0.00035013253 | AK83: =(E87*500/1000)/E83 -> -0.99964987
B84: 58000002 | C84: WIPF WICOVALVE W009 | D84: PC | E84: -18767 | F84: -15872.52 | G84: =E84+E87 -> -152 | AH84: =G84/E84 -> 0.0080993233 | AI84: =F84/E84 -> 0.84576757
B85: 58000004 | C85: Film roll All cafe500g.420mm*900m | D85: PC | E85: -18767 | F85: -39100.8 | G85: =E85+E87 -> -152 | AH85: =G85/E85 -> 0.0080993233 | AI85: =F85/E85 -> 2.083487
B86: 58000006 | C86: All Cafe ลังกระดาษ (287*240*177 mm.) | D86: PC | E86: -3112 | F86: -15560 | G86: =(E87/6)+E86 -> -9.5 | I86: =(E87/6)+R83+S83+T83 -> 3113.5 | J86: =E86+I86 -> 1.5 | AH86: =G86/E86 -> 0.0030526992 | AI86: =F86/E86 -> 5 | AN86: =E87*500 -> 9307500 | AO86: =AN86/1000 -> 9307.5
B87: 59000002 | C87: GOLD BLEND ALL CAFE' ขนาด 500 G. | D87: BAG | E87: 18615 | F87: 3161943.9 | G87: =(E87*500)/1000000 -> 9.3075 | AH87: =G87/E87 -> 0.0005 | AI87: =F87/E87 -> 169.86 | AL87: =AI87*2 -> 339.72
A88: 303000000322 Sum | E88: -31341.76 | F88: 64110.07 | AM88: =C87 -> GOLD BLEND ALL CAFE' ขนาด 500 G.
A89: 303000000323 | B89: 57000100 | C89: เมล็ดกาแฟคั่ว A80 + R20 | D89: KG | E89: -8330.97 | F89: -2708731.6 | G89: =((E89*2)+E93)/2 -> -4.47 | H89: =G89+P89 -> 6.545875e-13 | K89: 101 | L89: 14.07.2026 | M89: 15 | N89: 760 | O89: 3710 | P89: =SUM(N89:O89)/1000 -> 4.47 | Q89: =P89+G89 -> 6.545875e-13 | R89: 29 | S89: 0 | T89: 0 | U89: 236 | V89: 0 | W89: 65 | X89: 0 | Y89: 133 | Z89: 0 | AB89: 38 | AE89: =SUM(W89:AC89) -> 236 | AF89: =U89-AE89 -> 0 | AH89: =G89/E89 -> 0.00053655217 | AI89: =F89/E89 -> 325.14 | AJ89: =100%+AK89 -> 0.00053655217 | AK89: =(E93*500/1000)/E89 -> -0.99946345
B90: 58000002 | C90: WIPF WICOVALVE W009 | D90: PC | E90: -16889 | F90: -14284.17 | G90: =E90+E93 -> -236 | AH90: =G90/E90 -> 0.013973592 | AI90: =F90/E90 -> 0.84576766
B91: 58000004 | C91: Film roll All cafe500g.420mm*900m | D91: PC | E91: -16889 | F91: -35188.01 | G91: =E91+E93 -> -236 | AH91: =G91/E91 -> 0.013973592 | AI91: =F91/E91 -> 2.0834869
B92: 58000006 | C92: All Cafe ลังกระดาษ (287*240*177 mm.) | D92: PC | E92: -2802 | F92: -14010 | G92: =(E93/6)+E92 -> -26.5 | I92: =(E93/6)+R89+S89+T89 -> 2804.5 | J92: =E92+I92 -> 2.5 | AH92: =G92/E92 -> 0.0094575303 | AI92: =F92/E92 -> 5 | AN92: =E93*500 -> 8326500 | AO92: =AN92/1000 -> 8326.5
B93: 59000002 | C93: GOLD BLEND ALL CAFE' ขนาด 500 G. | D93: BAG | E93: 16653 | F93: 2828678.6 | G93: =(E93*500)/1000000 -> 8.3265 | AH93: =G93/E93 -> 0.0005 | AI93: =F93/E93 -> 169.86 | AL93: =AI93*2 -> 339.72
A94: 303000000323 Sum | E94: -28257.97 | F94: 56464.81 | AM94: =C93 -> GOLD BLEND ALL CAFE' ขนาด 500 G.
A95: 303000000324 | B95: 57000100 | C95: เมล็ดกาแฟคั่ว A80 + R20 | D95: KG | E95: -7914.58 | F95: -2573346.5 | G95: =((E95*2)+E99)/2 -> -6.08 | H95: =G95+P95 -> 7.283063e-14 | K95: 101 | L95: 15.07.2026 | M95: 13 | N95: 410 | O95: 5670 | P95: =SUM(N95:O95)/1000 -> 6.08 | Q95: =P95+G95 -> 7.283063e-14 | R95: 19 | S95: 0 | T95: 0 | U95: 342 | V95: 0 | W95: 209 | X95: 0 | Y95: 108 | Z95: 25 | AE95: =SUM(W95:AC95) -> 342 | AF95: =U95-AE95 -> 0 | AH95: =G95/E95 -> 0.00076820248 | AI95: =F95/E95 -> 325.14 | AJ95: =100%+AK95 -> 0.00076820248 | AK95: =(E99*500/1000)/E95 -> -0.9992318
B96: 58000002 | C96: WIPF WICOVALVE W009 | D96: PC | E96: -16159 | F96: -13666.76 | G96: =E96+E99 -> -342 | AH96: =G96/E96 -> 0.021164676 | AI96: =F96/E96 -> 0.84576768
B97: 58000004 | C97: Film roll All cafe500g.420mm*900m | D97: PC | E97: -16159 | F97: -33667.06 | G97: =E97+E99 -> -342 | AH97: =G97/E97 -> 0.021164676 | AI97: =F97/E97 -> 2.0834866
B98: 58000006 | C98: All Cafe ลังกระดาษ (287*240*177 mm.) | D98: PC | E98: -2653 | F98: -13265 | G98: =(E99/6)+E98 -> -16.833333 | I98: =(E99/6)+R95+S95+T95 -> 2655.1667 | J98: =E98+I98 -> 2.1666667 | AH98: =G98/E98 -> 0.0063450182 | AI98: =F98/E98 -> 5 | AN98: =E99*500 -> 7908500 | AO98: =AN98/1000 -> 7908.5
B99: 59000002 | C99: GOLD BLEND ALL CAFE' ขนาด 500 G. | D99: BAG | E99: 15817 | F99: 2686675.6 | G99: =(E99*500)/1000000 -> 7.9085 | AH99: =G99/E99 -> 0.0005 | AI99: =F99/E99 -> 169.86 | AL99: =AI99*2 -> 339.72
A100: 303000000324 Sum | E100: -27068.58 | F100: 52730.26 | AM100: =C99 -> GOLD BLEND ALL CAFE' ขนาด 500 G.
...

Sheet 305
A1: Group order | B1: 305
A3: Row Labels | B3: Material | C3: Material description | D3: EUn | E3: MvT | F3: Sum of Quantity in UnE | G3: Sum of Amt.in Loc.Cur. | H3: check | J3: Por Ver | K3: วันที่ | L3: QA เบิก (ถุง) | M3: ห้องคั่ว(g) | N3: ห้องแพ็ค(g) | O3: รวม(kg) | Q3: เครื่องจักร | R3: โรบอทตีแตก | S3: วาล์วเสีย | T3: เปลี่ยนตั้งฟิล์ม | U3: ซองยับ | V3: นน.ขาด | W3: ดับเบิ้ล | X3: ซองวาล์วแตก | Y3: Repack | Z3: รวมซองเสีย | AA3: Diff | AC3: ต่อหน่วย | AD3: Yeild | AG3: G | AH3: KG
A4: 305000000043 | B4: 59000001 | C4: เมล็ดกาแฟ CPR Coffee Bean MF. 500 G. | D4: BAG | E4: 261 | F4: -9 | G4: -1524.24 | J4: 101 | O4: =SUM(M4:N4)/1000 -> 0 | Z4: =SUM(T4:Y4) -> 0 | AA4: =Z4-S4 -> 0 | AB4: =H4/F4 -> 0 | AC4: =G4/F4 -> 169.36 | AD4: =(F5)/F4 -> -1
B5: 59100000 | C5: เมล็ดกาแฟ CPR Calibrate MF. 500 G. | D5: BAG | E5: 101 | F5: 9 | G5: 1524.24 | AB5: =H5/F5 -> 0 | AC5: =G5/F5 -> 169.36 | AE5: =AC5*2 -> 338.72 | AG5: =F5*500 -> 4500 | AH5: =AG5/1000 -> 4.5 | AI5: NON BOI
A6: 305000000043 Sum | F6: 0 | G6: 0
A7: 305000000044 | B7: 59000001 | C7: เมล็ดกาแฟ CPR Coffee Bean MF. 500 G. | D7: BAG | E7: 261 | F7: -5 | G7: -846.8 | J7: 101 | L7: 0 | M7: 0 | N7: 0 | O7: =SUM(M7:N7)/1000 -> 0 | Z7: =SUM(T7:Y7) -> 0 | AA7: =Z7-S7 -> 0 | AB7: =H7/F7 -> 0 | AC7: =G7/F7 -> 169.36 | AD7: =(F8)/F7 -> -1
B8: 59100000 | C8: เมล็ดกาแฟ CPR Calibrate MF. 500 G. | D8: BAG | E8: 101 | F8: 5 | G8: 846.8 | AB8: =H8/F8 -> 0 | AC8: =G8/F8 -> 169.36 | AE8: =AC8*2 -> 338.72 | AG8: =F8*500 -> 2500 | AH8: =AG8/1000 -> 2.5 | AI8: NON BOI
A9: 305000000044 Sum | F9: 0 | G9: 0
A10: 305000000045 | B10: 59000001 | C10: เมล็ดกาแฟ CPR Coffee Bean MF. 500 G. | D10: BAG | E10: 261 | F10: -4200 | G10: -711312 | J10: 101 | L10: 0 | M10: 0 | N10: 0 | O10: =SUM(M10:N10)/1000 -> 0 | Z10: =SUM(T10:Y10) -> 0 | AA10: =Z10-S10 -> 0 | AB10: =H10/F10 -> 0 | AC10: =G10/F10 -> 169.36 | AD10: =(F11)/F10 -> -1
B11: 59100000 | C11: เมล็ดกาแฟ CPR Calibrate MF. 500 G. | D11: BAG | E11: 101 | F11: 4200 | G11: 711312 | AB11: =H11/F11 -> 0 | AC11: =G11/F11 -> 169.36 | AE11: =AC11*2 -> 338.72 | AG11: =F11*500 -> 2100000 | AH11: =AG11/1000 -> 2100 | AI11: NON BOI
A12: 305000000045 Sum | F12: 0 | G12: 0
A13: 305000000046 | B13: 59000001 | C13: เมล็ดกาแฟ CPR Coffee Bean MF. 500 G. | D13: BAG | E13: 261 | F13: -603 | G13: -102401.46 | J13: 101 | O13: =SUM(M13:N13)/1000 -> 0 | Z13: =SUM(T13:Y13) -> 0 | AA13: =Z13-S13 -> 0 | AB13: =H13/F13 -> 0 | AC13: =G13/F13 -> 169.82 | AD13: =(F14)/F13 -> -1
B14: 59100000 | C14: เมล็ดกาแฟ CPR Calibrate MF. 500 G. | D14: BAG | E14: 101 | F14: 603 | G14: 102401.46 | AB14: =H14/F14 -> 0 | AC14: =G14/F14 -> 169.82 | AE14: =AC14*2 -> 339.64 | AG14: =F14*500 -> 301500 | AH14: =AG14/1000 -> 301.5 | AI14: NON BOI
A15: 305000000046 Sum | F15: 0 | G15: 0
A16: 305000000047 | B16: 59000001 | C16: เมล็ดกาแฟ CPR Coffee Bean MF. 500 G. | D16: BAG | E16: 261 | F16: -1295 | G16: -219916.9 | J16: 101 | L16: 0 | M16: 0 | N16: 0 | O16: =SUM(M16:N16)/1000 -> 0 | Q16: 0 | R16: 0 | T16: 0 | V16: 0 | W16: 0 | X16: 0 | Y16: 0 | Z16: =SUM(T16:Y16) -> 0 | AA16: =Z16-S16 -> 0 | AB16: =H16/F16 -> 0 | AC16: =G16/F16 -> 169.82 | AD16: =(F17)/F16 -> -1
B17: 59100000 | C17: เมล็ดกาแฟ CPR Calibrate MF. 500 G. | D17: BAG | E17: 101 | F17: 1295 | G17: 219916.9 | AB17: =H17/F17 -> 0 | AC17: =G17/F17 -> 169.82 | AE17: =AC17*2 -> 339.64 | AG17: =F17*500 -> 647500 | AH17: =AG17/1000 -> 647.5 | AI17: NON BOI
A18: 305000000047 Sum | F18: 0 | G18: 0
A19: 305000000048 | B19: 59000001 | C19: เมล็ดกาแฟ CPR Coffee Bean MF. 500 G. | D19: BAG | E19: 261 | F19: -497 | G19: -84400.54 | J19: 101 | L19: 0 | M19: 0 | N19: 0 | O19: =SUM(M19:N19)/1000 -> 0 | Q19: 0 | R19: 0 | V19: 0 | W19: 0 | X19: 0 | Y19: 0 | Z19: =SUM(T19:Y19) -> 0 | AA19: =Z19-S19 -> 0 | AB19: =H19/F19 -> 0 | AC19: =G19/F19 -> 169.82 | AD19: =(F20)/F19 -> -1
B20: 59100000 | C20: เมล็ดกาแฟ CPR Calibrate MF. 500 G. | D20: BAG | E20: 101 | F20: 497 | G20: 84400.54 | AB20: =H20/F20 -> 0 | AC20: =G20/F20 -> 169.82 | AE20: =AC20*2 -> 339.64 | AG20: =F20*500 -> 248500 | AH20: =AG20/1000 -> 248.5 | AI20: NON BOI
A21: 305000000048 Sum | F21: 0 | G21: 0 | Q21: =SUM(Q12:Q23) -> 0 | R21: =SUM(R12:R23) -> 0 | S21: =SUM(S12:S23) -> 0 | T21: =SUM(T12:T23) -> 0 | V21: =SUM(V12:V23) -> 0 | W21: =SUM(W12:W23) -> 0 | X21: =SUM(X12:X23) -> 0 | Y21: =SUM(Y12:Y23) -> 0 | Z21: =SUM(Z12:Z23) -> 0
A22: Grand Total | F22: 0 | G22: 0
L37: =SUM(L4:L36) -> 0 | M37: =SUM(M4:M36) -> 0 | N37: =SUM(N4:N36) -> 0 | O37: =SUM(O4:O36) -> 0 | P37: =SUM(P4:P36) -> 0 | Q37: =SUM(Q4:Q36) -> 0 | R37: =SUM(R4:R36) -> 0 | S37: =SUM(S4:S36) -> 0 | T37: =SUM(T4:T36) -> 0 | V37: =SUM(V4:V36) -> 0 | W37: =SUM(W4:W36) -> 0 | X37: =SUM(X4:X36) -> 0 | Y37: =SUM(Y4:Y36) -> 0 | Z37: =SUM(Z4:Z36) -> 0
A40: สูตร CPR Coffee Bean MF. 500 G. | B40: 58000002 | C40: WIPF WICOVALVE W009 | D40: PC | E40: 261 | H40: =(F44/20)+F40 -> 0
B41: 58000003 | C41: Film roll Gold blend 420mm*900m | D41: PC | E41: 261 | H41: =F41+F44 -> 0
B42: 58000005 | C42: ลังกระดาษ 3กก. 287*240*177 mm. (No Logo) | D42: PC | E42: 261 | H42: =((F42)+F44)/2 -> 0
B43: 59000001 | C43: เมล็ดกาแฟ CPR Coffee Bean MF. 500 G. | D43: BAG | E43: 101 | H43: =F43+F44 -> 0
B44: 59000002 | C44: GOLD BLEND ALL CAFE' ขนาด 500 G. | D44: BAG | E44: 261 | H44: =(F44*500)/1000000 -> 0
F45: =SUM(F40:F44) -> 0 | G45: =SUM(G40:G44) -> 0
A47: สูตร Calibrate | B47: Material | C47: Material description | D47: EUn | E47: MvT | F47: Sum of Quantity in UnE | G47: Sum of Amt.in Loc.Cur. | H47: check
B48: 58000002 | C48: WIPF WICOVALVE W009 | D48: PC | E48: 261 | H48: =F48+F52 -> 0
B49: 58000003 | C49: Film roll Gold blend 420mm*900m | D49: PC | E49: 261 | H49: =F49+F52 -> 0
B50: 58000005 | C50: ลังกระดาษ 3กก. 287*240*177 mm. (No Logo) | D50: PC | E50: 261 | H50: =(F52/6)+F50 -> 0
B51: 59000002 | C51: GOLD BLEND ALL CAFE' ขนาด 500 G. | D51: BAG | E51: 261 | H51: =((F51)+F52)/2 -> 0
B52: 59100000 | C52: เมล็ดกาแฟ CPR Calibrate MF. 500 G. | D52: BAG | E52: 101 | H52: =(F52*500)/1000000 -> 0
E53: =SUM(E48:E52) -> 0 | F53: =SUM(F48:F52) -> 0 | G53: =SUM(G48:G52) -> 0
F56: =F53+F45 -> 0 | G56: =G53+G45 -> 0
F57: =F56-F19 -> 497 | G57: =G56-G19 -> 84400.54 | H57: Diff

Sheet 301-305
A1: Group order | B1: (Multiple Items)
A3: Row Labels | B3: Material | C3: Material description | D3: Batch | E3: EUn | F3: Sum of Quantity in UnE | G3: Sum of Amt.in Loc.Cur.
A4: 305000000043 | B4: 59000001 | C4: เมล็ดกาแฟ CPR Coffee Bean MF. 500 G. | D4: 260505-T/B | E4: BAG | F4: -9 | G4: -1524.24
B5: 59100000 | C5: เมล็ดกาแฟ CPR Calibrate MF. 500 G. | D5: 260505-T/B | E5: BAG | F5: 9 | G5: 1524.24
A6: 305000000043 Sum | F6: 0 | G6: 0
A7: 303000000309 | B7: 57000102 | C7: เมล็ดกาแฟคั่ว A40+R60 | D7: 260701R1/B | E7: KG | F7: -760 | G7: -204956.8
B8: 58000002 | C8: WIPF WICOVALVE W009 | D8: 20260511 | E8: PC | F8: -1617 | G8: -1367.61
B9: 58000010 | C9: (4seal) กล่องกระดาษ5ชั้น 450*330*300 mm | D9: 20251225 | E9: PC | F9: -76 | G9: -1672
B10: 58000025 | C10: Film roll Nologo 500g.420mm*900m | D10: 20250915 | E10: PC | F10: -1617 | G10: -2775.85
B11: 59000004 | C11: Super Blend 500 G. | D11: 260701 | E11: BAG | F11: 1520 | G11: 217466.4
A12: 303000000309 Sum | F12: -2550 | G12: 6694.14
A13: 301000000204 | B13: 54002340 | C13: สารกาแฟอาราบิก้า | D13: 260320-RPT | E13: KG | F13: -10030.5 | G13: -2646750.2
B14: 57000001 | C14: เมล็ดกาแฟ Clean Arabica Size L | D14: 260320-RPT | E14: KG | F14: 9853.2 | G14: 2658294.8
B15: 57000002 | C15: เมล็ดกาแฟ Clean Arabica B | D15: 260320-RPT | E15: KG | F15: 171.8 | G15: 46349.92
A16: 301000000204 Sum | F16: -5.5 | G16: 57894.52
A17: 301000000205 | B17: 54002341 | C17: สารกาแฟโรบัสต้า | D17: 260514-BBB | E17: KG | F17: -229.31 | G17: -35726.33
D18: 260616-BBB | E18: KG | F18: -9816.49 | G18: -1529402
B19: 57000003 | C19: เมล็ดกาแฟ Clean Robusta Size mix | D19: 260616-BBB | E19: KG | F19: 9891 | G19: 1588692.4
B20: 57000004 | C20: เมล็ดกาแฟ Clean Robusta B | D20: 260616-BBB | E20: KG | F20: 139.2 | G20: 22358.3
A21: 301000000205 Sum | F21: -15.6 | G21: 45922.41
A22: 301000000206 | B22: 54002340 | C22: สารกาแฟอาราบิก้า | D22: 260226-BF | E22: KG | F22: -168.55 | G22: -44475.33
D23: 260320-RPT | E23: KG | F23: -14947.65 | G23: -3944239.7
B24: 57000001 | C24: เมล็ดกาแฟ Clean Arabica Size L | D24: 260320-RPT | E24: KG | F24: 14667.22 | G24: 3957069.3
B25: 57000002 | C25: เมล็ดกาแฟ Clean Arabica B | D25: 260320-RPT | E25: KG | F25: 374.9 | G25: 101144.27
A26: 301000000206 Sum | F26: -74.08 | G26: 69498.54
A27: 305000000044 | B27: 59000001 | C27: เมล็ดกาแฟ CPR Coffee Bean MF. 500 G. | D27: 260505-T/B | E27: BAG | F27: -5 | G27: -846.8
B28: 59100000 | C28: เมล็ดกาแฟ CPR Calibrate MF. 500 G. | D28: 260505-T/B | E28: BAG | F28: 5 | G28: 846.8
A29: 305000000044 Sum | F29: 0 | G29: 0
A30: 301000000207 | B30: 54002340 | C30: สารกาแฟอาราบิก้า | D30: 260325-BF | E30: KG | F30: -14936.9 | G30: -3941403.1
B31: 57000001 | C31: เมล็ดกาแฟ Clean Arabica Size L | D31: 260323-BF | E31: KG | F31: 14889.54 | G31: 4017049
A32: 301000000207 Sum | F32: -47.36 | G32: 75645.92
A33: 302000000311 | B33: 57000001 | C33: เมล็ดกาแฟ Clean Arabica Size L | D33: 260320-RPT | E33: KG | F33: -2244.2 | G33: -605462.72
B34: 57000002 | C34: เมล็ดกาแฟ Clean Arabica B | D34: 250913-TTW | E34: KG | F34: -60.04 | G34: -16198.19
B35: 57000003 | C35: เมล็ดกาแฟ Clean Robusta Size mix | D35: 260522-BBB | E35: KG | F35: -580.84 | G35: -93294.52
B36: 57000103 | C36: เมล็ดกาแฟคั่ว calibrate A80+R20 | D36: 260701R1/B | E36: KG | F36: 2349.65 | G36: 761921.01
A37: 302000000311 Sum | F37: -535.43 | G37: 46965.58
A38: 303000000310 | B38: 57000103 | C38: เมล็ดกาแฟคั่ว calibrate A80+R20 | D38: 260701R1/B | E38: KG | F38: -2349.65 | G38: -761921.01
B39: 58000002 | C39: WIPF WICOVALVE W009 | D39: 20260511 | E39: PC | F39: -4994 | G39: -4223.76
B40: 58000003 | C40: Film roll Gold blend 420mm*900m | D40: 20260609 | E40: PC | F40: -1477 | G40: -3040.62
D41: 20260622 | E41: PC | F41: -3517 | G41: -7240.26
B42: 58000005 | C42: ลังกระดาษ 3กก. 287*240*177 mm. (No Logo) | D42: 20260124 | E42: PC | F42: -269 | G42: -1345
D43: 20260611 | E43: PC | F43: -515 | G43: -2575
B44: 59000001 | C44: เมล็ดกาแฟ CPR Coffee Bean MF. 500 G. | D44: 260701R1/B | E44: BAG | F44: 4697 | G44: 795483.92
A45: 303000000310 Sum | F45: -8424.65 | G45: 15138.27
A46: 305000000045 | B46: 59000001 | C46: เมล็ดกาแฟ CPR Coffee Bean MF. 500 G. | D46: 260701R1/B | E46: BAG | F46: -4200 | G46: -711312
B47: 59100000 | C47: เมล็ดกาแฟ CPR Calibrate MF. 500 G. | D47: 260505-T/B | E47: BAG | F47: 4200 | G47: 711312
A48: 305000000045 Sum | F48: 0 | G48: 0
A49: 302000000310 | B49: 57000001 | C49: เมล็ดกาแฟ Clean Arabica Size L | D49: 260320-RPT | E49: KG | F49: -5184.8 | G49: -1398807.2
B50: 57000003 | C50: เมล็ดกาแฟ Clean Robusta Size mix | D50: 260522-BBB | E50: KG | F50: -440.38 | G50: -70733.84
D51: 260616-BBB | E51: KG | F51: -856.89 | G51: -137633.67
B52: 57000100 | C52: เมล็ดกาแฟคั่ว A80 + R20 | D52: 260701-R/B | E52: KG | F52: 5211.98 | G52: 1690088.8
A53: 302000000310 Sum | F53: -1270.09 | G53: 82914.05
A54: 303000000311 | B54: 57000100 | C54: เมล็ดกาแฟคั่ว A80 + R20 | D54: 260701-R/B | E54: KG | F54: -5211.98 | G54: -1690088.8
B55: 58000002 | C55: WIPF WICOVALVE W009 | D55: 20260511 | E55: PC | F55: -10573 | G55: -8942.3
B56: 58000004 | C56: Film roll All cafe500g.420mm*900m | D56: 20260609 | E56: PC | F56: -10573 | G56: -22029.68
B57: 58000006 | C57: All Cafe ลังกระดาษ (287*240*177 mm.) | D57: 20260619 | E57: PC | F57: -1744 | G57: -8720
B58: 59000002 | C58: GOLD BLEND ALL CAFE' ขนาด 500 G. | D58: 260701-R/B | E58: BAG | F58: 10418 | G58: 1764600.8
A59: 303000000311 Sum | F59: -17683.98 | G59: 34820.11
A60: 301000000208 | B60: 54002340 | C60: สารกาแฟอาราบิก้า | D60: 260320-RPT | E60: KG | F60: -4012.2 | G60: -1058854.2
B61: 57000001 | C61: เมล็ดกาแฟ Clean Arabica Size L | D61: 260320-RPT | E61: KG | F61: 3861 | G61: 1041556.1
B62: 57000002 | C62: เมล็ดกาแฟ Clean Arabica B | D62: 260320-RPT | E62: KG | F62: 98.2 | G62: 26595.51
A63: 301000000208 Sum | F63: -53 | G63: 9297.36
A64: 302000000312 | B64: 57000001 | C64: เมล็ดกาแฟ Clean Arabica Size L | D64: 260320-RPT | E64: KG | F64: -120 | G64: -32374.8
B65: 57000002 | C65: เมล็ดกาแฟ Clean Arabica B | D65: 250913-TTW | E65: KG | F65: -104.4 | G65: -28166.08
D66: 250917-TTW | E66: KG | F66: -15.6 | G66: -4208.72
B67: 57000101 | C67: เมล็ดกาแฟคั่ว A100 | D67: 260701-R1 | E67: KG | F67: 206 | G67: 72423.42
A68: 302000000312 Sum | F68: -34 | G68: 7673.82
A69: 303000000312 | B69: 57000101 | C69: เมล็ดกาแฟคั่ว A100 | D69: 260701-R1 | E69: KG | F69: -206 | G69: -72423.42
B70: 58000002 | C70: WIPF WICOVALVE W009 | D70: 20260511 | E70: PC | F70: -495 | G70: -418.66
B71: 58000010 | C71: (4seal) กล่องกระดาษ5ชั้น 450*330*300 mm | D71: 20251225 | E71: PC | F71: -21 | G71: -462
B72: 58000025 | C72: Film roll Nologo 500g.420mm*900m | D72: 20250915 | E72: PC | F72: -495 | G72: -849.75
B73: 59000003 | C73: เมล็ดกาแฟคั่ว Classic 1 bag ขนาด 500 G. | D73: 260701-R1 | E73: BAG | F73: 412 | G73: 75948.08
B74: 58000009 | C74: สติ๊กเกอร์ Classic Beans (หน้า) | D74: 250607 | E74: EA | F74: -125 | G74: -145
D75: 27022025 | E75: EA | F75: -287 | G75: -332.92
A76: 303000000312 Sum | F76: -1217 | G76: 1316.33
A77: 302000000313 | B77: 57000001 | C77: เมล็ดกาแฟ Clean Arabica Size L | D77: 260320-RPT | E77: KG | F77: -10176.2 | G77: -2745437
B78: 57000003 | C78: เมล็ดกาแฟ Clean Robusta Size mix | D78: 260616-BBB | E78: KG | F78: -2548.4 | G78: -409324.01
B79: 57000100 | C79: เมล็ดกาแฟคั่ว A80 + R20 | D79: 260702-R/B | E79: KG | F79: 10237.93 | G79: 3319853.6
A80: 302000000313 Sum | F80: -2486.67 | G80: 165092.55
A81: 303000000313 | B81: 57000100 | C81: เมล็ดกาแฟคั่ว A80 + R20 | D81: 260702-R/B | E81: KG | F81: -10237.93 | G81: -3319853.6
B82: 58000002 | C82: WIPF WICOVALVE W009 | D82: 20260511 | E82: PC | F82: -20697 | G82: -17504.86
B83: 58000004 | C83: Film roll All cafe500g.420mm*900m | D83: 20260609 | E83: PC | F83: -20697 | G83: -43123.82
B84: 58000006 | C84: All Cafe ลังกระดาษ (287*240*177 mm.) | D84: 20260619 | E84: PC | F84: -3432 | G84: -17160
B85: 59000002 | C85: GOLD BLEND ALL CAFE' ขนาด 500 G. | D85: 010702-R/B | E85: BAG | F85: 20466 | G85: 3466531.1
A86: 303000000313 Sum | F86: -34597.93 | G86: 68888.84
A87: 302000000314 | B87: 57000001 | C87: เมล็ดกาแฟ Clean Arabica Size L | D87: 260320-RPT | E87: KG | F87: -8599.2 | G87: -2319978.2
B88: 57000002 | C88: เมล็ดกาแฟ Clean Arabica B | D88: 250917-TTW | E88: KG | F88: -1001.7 | G88: -270248.64
B89: 57000003 | C89: เมล็ดกาแฟ Clean Robusta Size mix | D89: 260616-BBB | E89: KG | F89: -2404.08 | G89: -386143.33
B90: 57000100 | C90: เมล็ดกาแฟคั่ว A80 + R20 | D90: 260703R1/B | E90: KG | F90: 9645.96 | G90: 3127895.5
A91: 302000000314 Sum | F91: -2359.02 | G91: 151525.31
A92: 302000000315 | B92: 57000001 | C92: เมล็ดกาแฟ Clean Arabica Size L | D92: 260226-BF | E92: KG | F92: -6859.22 | G92: -1850549
D93: 260323-BF | E93: KG | F93: -822.68 | G93: -221950.84
B94: 57000003 | C94: เมล็ดกาแฟ Clean Robusta Size mix | D94: 260616-BBB | E94: KG | F94: -1923.44 | G94: -308942.93
B95: 57000100 | C95: เมล็ดกาแฟคั่ว A80 + R20 | D95: 260703F1/B | E95: KG | F95: 7753.17 | G95: 2514120.4
A96: 302000000315 Sum | F96: -1852.17 | G96: 132677.71
A97: 301000000212 | B97: 54002341 | C97: สารกาแฟโรบัสต้า | D97: 260616-BBB | E97: KG | F97: -9988.2 | G97: -1556154.3
B98: 57000003 | C98: เมล็ดกาแฟ Clean Robusta Size mix | D98: 260616-BBB | E98: KG | F98: 9776.02 | G98: 1570224.3
B99: 57000004 | C99: เมล็ดกาแฟ Clean Robusta B | D99: 260616-BBB | E99: KG | F99: 147.7 | G99: 23723.57
A100: 301000000212 Sum | F100: -64.48 | G100: 37793.63
A101: 301000000213 | B101: 54002340 | C101: สารกาแฟอาราบิก้า | D101: 260320-RPT | E101: KG | F101: -15059.5 | G101: -3973753.6
...

Sheet เกณฑ์กำลังการผลิต
D1: ตามบัตรส่งเสริมBOI (ไม่ได้หัก เวลาพัก 16 ชม)
B2: BG 200 ตัน | D2: กำลังผลิต/ปี | E2: 2 เครื่อง | F2: 1 เครื่อง
B3: 1 ชม = 3 Batch 192*3 = *576* kg | E3: ต่อเดือน | F3: ต่อเดือน
B4: 576*8 = *4,608* 4.6 ตัน | D4: 5310 | E4: =D4/12 -> 442.5 | F4: =E4/2 -> 221.25
B5: 576*16 = *9,216* 9.2 ตัน | D5: 16 ชม หัก พัก2ชม เหลือ 14 ชม
B6: ทั้งเดือน 8*26 = *208* | D6: กำลังผลิต/วัน Kg. | E6: กำลังผลิต/วัน TON. | F6: กำลังผลิต/Months | G6: กำลังผลิต/Year
D7: =576*14 -> 8064 | E7: =D7/1000 -> 8.064 | F7: =E7*26 -> 209.664 | G7: =(F7*12) -> 2515.968
